Plot Title: 21741109-B,,,,
#,"Date Time, GMT-04:00","Temp, °F (LGR S/N: 21741109, SEN S/N: 21741109)","Intensity, lum/ft² (LGR S/N: 21741109, SEN S/N: 21741109)",End Of File (LGR S/N: 21741109)
1,7/5/23 10:30,89.2,64,
2,7/5/23 10:45,112.244,368,
3,7/5/23 11:00,74.446,2816,
4,7/5/23 11:15,65.851,0,
5,7/5/23 11:30,65.68,23,
6,7/5/23 11:45,65.68,28,
7,7/5/23 12:00,67.05,31,
8,7/5/23 12:15,68.077,32,
9,7/5/23 12:30,68.248,37,
10,7/5/23 12:45,68.248,29,
11,7/5/23 13:00,67.392,28,
12,7/5/23 13:15,66.879,27,
13,7/5/23 13:30,66.879,36,
14,7/5/23 13:45,67.735,39,
15,7/5/23 14:00,68.592,42,
16,7/5/23 14:15,68.934,45,
17,7/5/23 14:30,68.763,50,
18,7/5/23 14:45,68.934,54,
19,7/5/23 15:00,69.449,44,
20,7/5/23 15:15,70.137,35,
21,7/5/23 15:30,69.964,32,
22,7/5/23 15:45,70.308,30,
23,7/5/23 16:00,70.137,26,
24,7/5/23 16:15,70.651,24,
25,7/5/23 16:30,69.964,19,
26,7/5/23 16:45,69.964,14,
27,7/5/23 17:00,67.906,11,
28,7/5/23 17:15,66.879,3,
29,7/5/23 17:30,67.392,10,
30,7/5/23 17:45,71.339,7,
31,7/5/23 18:00,70.824,5,
32,7/5/23 18:15,69.964,4,
33,7/5/23 18:30,69.793,3,
34,7/5/23 18:45,69.278,2,
35,7/5/23 19:00,68.934,0,
36,7/5/23 19:15,68.934,0,
37,7/5/23 19:30,68.934,0,
38,7/5/23 19:45,69.107,0,
39,7/5/23 20:00,69.278,0,
40,7/5/23 20:15,66.708,0,
41,7/5/23 20:30,67.05,0,
42,7/5/23 20:45,67.05,0,
43,7/5/23 21:00,66.708,0,
44,7/5/23 21:15,66.708,0,
45,7/5/23 21:30,66.537,0,
46,7/5/23 21:45,66.708,0,
47,7/5/23 22:00,66.879,0,
48,7/5/23 22:15,68.421,0,
49,7/5/23 22:30,68.763,0,
50,7/5/23 22:45,69.107,0,
51,7/5/23 23:00,69.107,0,
52,7/5/23 23:15,66.537,0,
53,7/5/23 23:30,66.022,0,
54,7/5/23 23:45,66.022,0,
55,7/6/23 0:00,67.05,0,
56,7/6/23 0:15,66.022,0,
57,7/6/23 0:30,66.366,0,
58,7/6/23 0:45,68.077,0,
59,7/6/23 1:00,67.735,0,
60,7/6/23 1:15,66.879,0,
61,7/6/23 1:30,67.735,0,
62,7/6/23 1:45,67.05,0,
63,7/6/23 2:00,67.05,0,
64,7/6/23 2:15,67.221,0,
65,7/6/23 2:30,67.392,0,
66,7/6/23 2:45,67.564,0,
67,7/6/23 3:00,67.564,0,
68,7/6/23 3:15,67.735,0,
69,7/6/23 3:30,67.392,0,
70,7/6/23 3:45,67.392,0,
71,7/6/23 4:00,67.735,0,
72,7/6/23 4:15,68.248,0,
73,7/6/23 4:30,68.248,0,
74,7/6/23 4:45,67.392,0,
75,7/6/23 5:00,67.221,0,
76,7/6/23 5:15,67.221,0,
77,7/6/23 5:30,67.392,0,
78,7/6/23 5:45,67.564,0,
79,7/6/23 6:00,67.735,0,
80,7/6/23 6:15,68.077,1,
81,7/6/23 6:30,68.248,2,
82,7/6/23 6:45,68.592,3,
83,7/6/23 7:00,68.763,3,
84,7/6/23 7:15,68.934,4,
85,7/6/23 7:30,68.421,4,
86,7/6/23 7:45,66.708,5,
87,7/6/23 8:00,67.221,6,
88,7/6/23 8:15,66.879,7,
89,7/6/23 8:30,66.537,6,
90,7/6/23 8:45,66.537,6,
91,7/6/23 9:00,66.537,6,
92,7/6/23 9:15,66.537,6,
93,7/6/23 9:30,66.537,6,
94,7/6/23 9:45,66.537,9,
95,7/6/23 10:00,66.537,11,
96,7/6/23 10:15,66.537,13,
97,7/6/23 10:30,67.05,18,
98,7/6/23 10:45,66.193,15,
99,7/6/23 11:00,67.221,23,
100,7/6/23 11:15,67.564,26,
101,7/6/23 11:30,68.077,28,
102,7/6/23 11:45,66.193,27,
103,7/6/23 12:00,66.366,30,
104,7/6/23 12:15,66.366,32,
105,7/6/23 12:30,66.022,28,
106,7/6/23 12:45,65.851,35,
107,7/6/23 13:00,65.851,35,
108,7/6/23 13:15,66.193,42,
109,7/6/23 13:30,66.193,38,
110,7/6/23 13:45,67.735,36,
111,7/6/23 14:00,67.735,35,
112,7/6/23 14:15,67.906,35,
113,7/6/23 14:30,67.564,32,
114,7/6/23 14:45,67.564,34,
115,7/6/23 15:00,67.564,36,
116,7/6/23 15:15,67.735,33,
117,7/6/23 15:30,68.077,32,
118,7/6/23 15:45,68.248,30,
119,7/6/23 16:00,68.763,26,
120,7/6/23 16:15,67.906,22,
121,7/6/23 16:30,68.077,20,
122,7/6/23 16:45,68.934,17,
123,7/6/23 17:00,67.392,14,
124,7/6/23 17:15,67.564,12,
125,7/6/23 17:30,69.449,10,
126,7/6/23 17:45,70.137,8,
127,7/6/23 18:00,69.278,6,
128,7/6/23 18:15,68.421,4,
129,7/6/23 18:30,67.05,1,
130,7/6/23 18:45,67.05,2,
131,7/6/23 19:00,67.735,1,
132,7/6/23 19:15,67.564,0,
133,7/6/23 19:30,67.392,0,
134,7/6/23 19:45,67.392,0,
135,7/6/23 20:00,67.05,0,
136,7/6/23 20:15,67.05,0,
137,7/6/23 20:30,67.221,0,
138,7/6/23 20:45,67.392,0,
139,7/6/23 21:00,67.05,0,
140,7/6/23 21:15,66.879,0,
141,7/6/23 21:30,66.366,0,
142,7/6/23 21:45,66.366,0,
143,7/6/23 22:00,66.193,0,
144,7/6/23 22:15,66.193,0,
145,7/6/23 22:30,66.193,0,
146,7/6/23 22:45,66.022,0,
147,7/6/23 23:00,65.851,0,
148,7/6/23 23:15,65.851,0,
149,7/6/23 23:30,65.851,0,
150,7/6/23 23:45,66.022,0,
151,7/7/23 0:00,67.221,0,
152,7/7/23 0:15,67.564,0,
153,7/7/23 0:30,67.221,0,
154,7/7/23 0:45,66.366,0,
155,7/7/23 1:00,66.879,0,
156,7/7/23 1:15,66.537,0,
157,7/7/23 1:30,66.708,0,
158,7/7/23 1:45,66.879,0,
159,7/7/23 2:00,67.05,0,
160,7/7/23 2:15,67.221,0,
161,7/7/23 2:30,67.221,0,
162,7/7/23 2:45,67.392,0,
163,7/7/23 3:00,67.392,0,
164,7/7/23 3:15,66.708,0,
165,7/7/23 3:30,66.708,0,
166,7/7/23 3:45,66.879,0,
167,7/7/23 4:00,67.05,0,
168,7/7/23 4:15,67.392,0,
169,7/7/23 4:30,67.735,0,
170,7/7/23 4:45,67.735,0,
171,7/7/23 5:00,67.906,0,
172,7/7/23 5:15,67.906,0,
173,7/7/23 5:30,67.221,0,
174,7/7/23 5:45,67.221,0,
175,7/7/23 6:00,66.879,0,
176,7/7/23 6:15,67.735,0,
177,7/7/23 6:30,68.077,0,
178,7/7/23 6:45,68.248,1,
179,7/7/23 7:00,68.592,1,
180,7/7/23 7:15,68.763,1,
181,7/7/23 7:30,67.221,2,
182,7/7/23 7:45,68.248,2,
183,7/7/23 8:00,69.107,4,
184,7/7/23 8:15,68.934,5,
185,7/7/23 8:30,67.735,7,
186,7/7/23 8:45,66.537,8,
187,7/7/23 9:00,66.708,6,
188,7/7/23 9:15,66.708,8,
189,7/7/23 9:30,66.537,5,
190,7/7/23 9:45,66.366,4,
191,7/7/23 10:00,66.537,6,
192,7/7/23 10:15,66.537,5,
193,7/7/23 10:30,66.708,5,
194,7/7/23 10:45,66.708,6,
195,7/7/23 11:00,66.366,6,
196,7/7/23 11:15,66.022,10,
197,7/7/23 11:30,65.68,15,
198,7/7/23 11:45,65.338,20,
199,7/7/23 12:00,64.996,26,
200,7/7/23 12:15,64.996,39,
201,7/7/23 12:30,67.05,47,
202,7/7/23 12:45,67.564,26,
203,7/7/23 13:00,67.735,31,
204,7/7/23 13:15,67.05,22,
205,7/7/23 13:30,65.851,24,
206,7/7/23 13:45,65.167,40,
207,7/7/23 14:00,65.338,35,
208,7/7/23 14:15,66.193,37,
209,7/7/23 14:30,67.221,41,
210,7/7/23 14:45,67.906,41,
211,7/7/23 15:00,67.735,32,
212,7/7/23 15:15,67.05,43,
213,7/7/23 15:30,67.392,43,
214,7/7/23 15:45,67.735,18,
215,7/7/23 16:00,68.077,8,
216,7/7/23 16:15,68.421,6,
217,7/7/23 16:30,68.592,8,
218,7/7/23 16:45,68.934,8,
219,7/7/23 17:00,69.278,7,
220,7/7/23 17:15,69.622,8,
221,7/7/23 17:30,69.449,5,
222,7/7/23 17:45,69.278,4,
223,7/7/23 18:00,70.48,2,
224,7/7/23 18:15,69.964,1,
225,7/7/23 18:30,69.964,1,
226,7/7/23 18:45,68.421,0,
227,7/7/23 19:00,67.221,0,
228,7/7/23 19:15,66.708,0,
229,7/7/23 19:30,67.05,0,
230,7/7/23 19:45,67.05,0,
231,7/7/23 20:00,68.421,0,
232,7/7/23 20:15,69.278,0,
233,7/7/23 20:30,69.449,0,
234,7/7/23 20:45,69.449,0,
235,7/7/23 21:00,69.622,0,
236,7/7/23 21:15,69.622,0,
237,7/7/23 21:30,69.449,0,
238,7/7/23 21:45,69.622,0,
239,7/7/23 22:00,69.449,0,
240,7/7/23 22:15,69.622,0,
241,7/7/23 22:30,69.622,0,
242,7/7/23 22:45,69.793,0,
243,7/7/23 23:00,69.964,0,
244,7/7/23 23:15,69.793,0,
245,7/7/23 23:30,69.964,0,
246,7/7/23 23:45,70.48,0,
247,7/8/23 0:00,70.651,0,
248,7/8/23 0:15,70.308,0,
249,7/8/23 0:30,70.651,0,
250,7/8/23 0:45,67.221,0,
251,7/8/23 1:00,67.05,0,
252,7/8/23 1:15,67.05,0,
253,7/8/23 1:30,67.05,0,
254,7/8/23 1:45,67.392,0,
255,7/8/23 2:00,67.221,0,
256,7/8/23 2:15,67.392,0,
257,7/8/23 2:30,67.735,0,
258,7/8/23 2:45,68.248,0,
259,7/8/23 3:00,68.421,0,
260,7/8/23 3:15,68.248,0,
261,7/8/23 3:30,67.392,0,
262,7/8/23 3:45,66.022,0,
263,7/8/23 4:00,66.879,0,
264,7/8/23 4:15,67.564,0,
265,7/8/23 4:30,68.077,0,
266,7/8/23 4:45,68.763,0,
267,7/8/23 5:00,68.421,0,
268,7/8/23 5:15,68.763,0,
269,7/8/23 5:30,68.934,0,
270,7/8/23 5:45,69.278,0,
271,7/8/23 6:00,69.278,0,
272,7/8/23 6:15,69.278,0,
273,7/8/23 6:30,69.622,1,
274,7/8/23 6:45,69.964,2,
275,7/8/23 7:00,68.592,1,
276,7/8/23 7:15,67.392,1,
277,7/8/23 7:30,67.564,2,
278,7/8/23 7:45,68.077,2,
279,7/8/23 8:00,69.107,3,
280,7/8/23 8:15,69.107,3,
281,7/8/23 8:30,68.763,5,
282,7/8/23 8:45,68.077,5,
283,7/8/23 9:00,67.392,3,
284,7/8/23 9:15,67.564,5,
285,7/8/23 9:30,67.735,9,
286,7/8/23 9:45,67.906,7,
287,7/8/23 10:00,68.077,9,
288,7/8/23 10:15,68.592,9,
289,7/8/23 10:30,68.763,8,
290,7/8/23 10:45,69.107,9,
291,7/8/23 11:00,67.564,7,
292,7/8/23 11:15,68.763,17,
293,7/8/23 11:30,68.934,20,
294,7/8/23 11:45,68.934,24,
295,7/8/23 12:00,69.622,34,
296,7/8/23 12:15,70.995,35,
297,7/8/23 12:30,71.683,48,
298,7/8/23 12:45,71.512,47,
299,7/8/23 13:00,70.137,38,
300,7/8/23 13:15,68.421,34,
301,7/8/23 13:30,67.05,32,
302,7/8/23 13:45,67.392,35,
303,7/8/23 14:00,68.077,34,
304,7/8/23 14:15,66.879,36,
305,7/8/23 14:30,67.735,37,
306,7/8/23 14:45,69.449,36,
307,7/8/23 15:00,68.248,25,
308,7/8/23 15:15,67.05,26,
309,7/8/23 15:30,68.421,32,
310,7/8/23 15:45,69.449,25,
311,7/8/23 16:00,68.248,21,
312,7/8/23 16:15,68.077,22,
313,7/8/23 16:30,68.592,22,
314,7/8/23 16:45,69.622,20,
315,7/8/23 17:00,70.137,17,
316,7/8/23 17:15,70.48,14,
317,7/8/23 17:30,70.995,10,
318,7/8/23 17:45,70.995,7,
319,7/8/23 18:00,71.168,6,
320,7/8/23 18:15,71.339,3,
321,7/8/23 18:30,71.512,1,
322,7/8/23 18:45,69.793,1,
323,7/8/23 19:00,67.392,0,
324,7/8/23 19:15,68.077,0,
325,7/8/23 19:30,68.248,0,
326,7/8/23 19:45,68.421,0,
327,7/8/23 20:00,68.077,0,
328,7/8/23 20:15,67.564,0,
329,7/8/23 20:30,67.906,0,
330,7/8/23 20:45,68.077,0,
331,7/8/23 21:00,70.824,0,
332,7/8/23 21:15,71.683,0,
333,7/8/23 21:30,71.683,0,
334,7/8/23 21:45,68.592,0,
335,7/8/23 22:00,68.421,0,
336,7/8/23 22:15,68.592,0,
337,7/8/23 22:30,70.651,0,
338,7/8/23 22:45,70.651,0,
339,7/8/23 23:00,70.48,0,
340,7/8/23 23:15,70.824,0,
341,7/8/23 23:30,70.824,0,
342,7/8/23 23:45,70.824,0,
343,7/9/23 0:00,70.824,0,
344,7/9/23 0:15,68.248,0,
345,7/9/23 0:30,68.421,0,
346,7/9/23 0:45,69.107,0,
347,7/9/23 1:00,69.449,0,
348,7/9/23 1:15,69.622,0,
349,7/9/23 1:30,69.964,0,
350,7/9/23 1:45,68.763,0,
351,7/9/23 2:00,68.592,0,
352,7/9/23 2:15,68.248,0,
353,7/9/23 2:30,68.248,0,
354,7/9/23 2:45,68.421,0,
355,7/9/23 3:00,68.421,0,
356,7/9/23 3:15,68.763,0,
357,7/9/23 3:30,69.107,0,
358,7/9/23 3:45,69.107,0,
359,7/9/23 4:00,69.449,0,
360,7/9/23 4:15,69.449,0,
361,7/9/23 4:30,68.248,0,
362,7/9/23 4:45,68.421,0,
363,7/9/23 5:00,67.735,0,
364,7/9/23 5:15,68.934,0,
365,7/9/23 5:30,69.278,0,
366,7/9/23 5:45,69.964,0,
367,7/9/23 6:00,70.137,0,
368,7/9/23 6:15,70.48,0,
369,7/9/23 6:30,70.48,0,
370,7/9/23 6:45,69.964,2,
371,7/9/23 7:00,70.137,2,
372,7/9/23 7:15,70.308,2,
373,7/9/23 7:30,70.48,2,
374,7/9/23 7:45,69.449,1,
375,7/9/23 8:00,67.735,2,
376,7/9/23 8:15,67.735,1,
377,7/9/23 8:30,67.735,2,
378,7/9/23 8:45,67.735,3,
379,7/9/23 9:00,68.077,5,
380,7/9/23 9:15,68.592,5,
381,7/9/23 9:30,68.763,5,
382,7/9/23 9:45,67.906,5,
383,7/9/23 10:00,68.763,4,
384,7/9/23 10:15,69.278,8,
385,7/9/23 10:30,69.793,7,
386,7/9/23 10:45,70.308,10,
387,7/9/23 11:00,70.48,5,
388,7/9/23 11:15,69.964,5,
389,7/9/23 11:30,67.735,15,
390,7/9/23 11:45,68.248,8,
391,7/9/23 12:00,68.421,14,
392,7/9/23 12:15,69.622,17,
393,7/9/23 12:30,69.793,6,
394,7/9/23 12:45,69.793,7,
395,7/9/23 13:00,70.137,7,
396,7/9/23 13:15,70.137,5,
397,7/9/23 13:30,70.48,9,
398,7/9/23 13:45,70.651,14,
399,7/9/23 14:00,70.651,21,
400,7/9/23 14:15,70.308,11,
401,7/9/23 14:30,66.879,15,
402,7/9/23 14:45,67.735,10,
403,7/9/23 15:00,69.964,7,
404,7/9/23 15:15,69.107,7,
405,7/9/23 15:30,68.421,4,
406,7/9/23 15:45,68.248,3,
407,7/9/23 16:00,67.906,4,
408,7/9/23 16:15,67.564,5,
409,7/9/23 16:30,68.077,2,
410,7/9/23 16:45,69.449,2,
411,7/9/23 17:00,69.278,2,
412,7/9/23 17:15,68.763,2,
413,7/9/23 17:30,68.763,2,
414,7/9/23 17:45,69.449,1,
415,7/9/23 18:00,70.137,0,
416,7/9/23 18:15,70.308,0,
417,7/9/23 18:30,70.48,0,
418,7/9/23 18:45,70.651,0,
419,7/9/23 19:00,70.824,0,
420,7/9/23 19:15,70.995,0,
421,7/9/23 19:30,71.168,0,
422,7/9/23 19:45,70.308,0,
423,7/9/23 20:00,70.308,0,
424,7/9/23 20:15,70.137,0,
425,7/9/23 20:30,70.308,0,
426,7/9/23 20:45,69.107,0,
427,7/9/23 21:00,68.248,0,
428,7/9/23 21:15,68.248,0,
429,7/9/23 21:30,68.421,0,
430,7/9/23 21:45,68.592,0,
431,7/9/23 22:00,70.651,0,
432,7/9/23 22:15,71.168,0,
433,7/9/23 22:30,71.339,0,
434,7/9/23 22:45,71.512,0,
435,7/9/23 23:00,70.308,0,
436,7/9/23 23:15,70.308,0,
437,7/9/23 23:30,70.308,0,
438,7/9/23 23:45,69.964,0,
439,7/10/23 0:00,70.308,0,
440,7/10/23 0:15,70.824,0,
441,7/10/23 0:30,71.168,0,
442,7/10/23 0:45,71.168,0,
443,7/10/23 1:00,70.995,0,
444,7/10/23 1:15,70.995,0,
445,7/10/23 1:30,71.168,0,
446,7/10/23 1:45,71.339,0,
447,7/10/23 2:00,71.339,0,
448,7/10/23 2:15,71.339,0,
449,7/10/23 2:30,70.651,0,
450,7/10/23 2:45,67.564,0,
451,7/10/23 3:00,67.392,0,
452,7/10/23 3:15,68.077,0,
453,7/10/23 3:30,68.421,0,
454,7/10/23 3:45,68.421,0,
455,7/10/23 4:00,69.793,0,
456,7/10/23 4:15,69.449,0,
457,7/10/23 4:30,69.278,0,
458,7/10/23 4:45,69.622,0,
459,7/10/23 5:00,69.964,0,
460,7/10/23 5:15,68.421,0,
461,7/10/23 5:30,67.906,0,
462,7/10/23 5:45,67.906,0,
463,7/10/23 6:00,68.763,0,
464,7/10/23 6:15,70.824,0,
465,7/10/23 6:30,70.824,0,
466,7/10/23 6:45,70.824,0,
467,7/10/23 7:00,70.824,0,
468,7/10/23 7:15,70.824,0,
469,7/10/23 7:30,70.824,0,
470,7/10/23 7:45,70.824,4,
471,7/10/23 8:00,70.824,1,
472,7/10/23 8:15,69.622,4,
473,7/10/23 8:30,69.278,3,
474,7/10/23 8:45,68.763,5,
475,7/10/23 9:00,68.248,3,
476,7/10/23 9:15,68.077,2,
477,7/10/23 9:30,68.077,1,
478,7/10/23 9:45,68.421,1,
479,7/10/23 10:00,69.449,2,
480,7/10/23 10:15,70.308,2,
481,7/10/23 10:30,70.651,3,
482,7/10/23 10:45,70.651,0,
483,7/10/23 11:00,70.651,1,
484,7/10/23 11:15,70.651,0,
485,7/10/23 11:30,70.651,4,
486,7/10/23 11:45,70.308,1,
487,7/10/23 12:00,70.824,0,
488,7/10/23 12:15,70.48,3,
489,7/10/23 12:30,70.48,2,
490,7/10/23 12:45,70.48,2,
491,7/10/23 13:00,70.48,1,
492,7/10/23 13:15,70.651,2,
493,7/10/23 13:30,70.651,0,
494,7/10/23 13:45,70.651,1,
495,7/10/23 14:00,70.651,1,
496,7/10/23 14:15,70.651,1,
497,7/10/23 14:30,70.651,0,
498,7/10/23 14:45,70.651,1,
499,7/10/23 15:00,70.824,1,
500,7/10/23 15:15,70.824,2,
501,7/10/23 15:30,70.824,3,
502,7/10/23 15:45,70.824,2,
503,7/10/23 16:00,70.137,3,
504,7/10/23 16:15,69.964,2,
505,7/10/23 16:30,70.137,1,
506,7/10/23 16:45,69.964,2,
507,7/10/23 17:00,69.964,1,
508,7/10/23 17:15,70.137,1,
509,7/10/23 17:30,70.48,1,
510,7/10/23 17:45,70.48,0,
511,7/10/23 18:00,70.824,0,
512,7/10/23 18:15,70.48,0,
513,7/10/23 18:30,70.137,1,
514,7/10/23 18:45,70.48,0,
515,7/10/23 19:00,70.308,0,
516,7/10/23 19:15,70.48,0,
517,7/10/23 19:30,70.651,0,
518,7/10/23 19:45,70.824,0,
519,7/10/23 20:00,70.824,0,
520,7/10/23 20:15,70.824,0,
521,7/10/23 20:30,70.651,0,
522,7/10/23 20:45,70.651,0,
523,7/10/23 21:00,70.824,0,
524,7/10/23 21:15,70.824,0,
525,7/10/23 21:30,70.824,0,
526,7/10/23 21:45,70.995,0,
527,7/10/23 22:00,70.651,0,
528,7/10/23 22:15,69.107,0,
529,7/10/23 22:30,68.934,0,
530,7/10/23 22:45,68.934,0,
531,7/10/23 23:00,68.934,0,
532,7/10/23 23:15,68.934,0,
533,7/10/23 23:30,69.278,0,
534,7/10/23 23:45,69.793,0,
535,7/11/23 0:00,70.137,0,
536,7/11/23 0:15,70.308,0,
537,7/11/23 0:30,70.308,0,
538,7/11/23 0:45,70.308,0,
539,7/11/23 1:00,70.48,0,
540,7/11/23 1:15,70.48,0,
541,7/11/23 1:30,70.48,0,
542,7/11/23 1:45,70.48,0,
543,7/11/23 2:00,70.48,0,
544,7/11/23 2:15,70.48,0,
545,7/11/23 2:30,70.48,0,
546,7/11/23 2:45,70.651,0,
547,7/11/23 3:00,70.651,0,
548,7/11/23 3:15,70.651,0,
549,7/11/23 3:30,70.651,0,
550,7/11/23 3:45,70.651,0,
551,7/11/23 4:00,69.964,0,
552,7/11/23 4:15,70.137,0,
553,7/11/23 4:30,70.48,0,
554,7/11/23 4:45,70.137,0,
555,7/11/23 5:00,69.964,0,
556,7/11/23 5:15,69.964,0,
557,7/11/23 5:30,69.964,0,
558,7/11/23 5:45,69.964,0,
559,7/11/23 6:00,69.964,0,
560,7/11/23 6:15,70.137,0,
561,7/11/23 6:30,70.308,0,
562,7/11/23 6:45,70.308,0,
563,7/11/23 7:00,70.308,1,
564,7/11/23 7:15,70.308,2,
565,7/11/23 7:30,70.308,3,
566,7/11/23 7:45,70.48,3,
567,7/11/23 8:00,70.48,4,
568,7/11/23 8:15,70.651,5,
569,7/11/23 8:30,70.651,6,
570,7/11/23 8:45,70.651,7,
571,7/11/23 9:00,70.651,8,
572,7/11/23 9:15,70.995,8,
573,7/11/23 9:30,70.308,9,
574,7/11/23 9:45,70.137,9,
575,7/11/23 10:00,69.793,8,
576,7/11/23 10:15,69.449,10,
577,7/11/23 10:30,69.449,11,
578,7/11/23 10:45,69.449,11,
579,7/11/23 11:00,69.107,8,
580,7/11/23 11:15,68.934,11,
581,7/11/23 11:30,69.278,15,
582,7/11/23 11:45,70.137,16,
583,7/11/23 12:00,70.995,17,
584,7/11/23 12:15,69.793,16,
585,7/11/23 12:30,69.793,15,
586,7/11/23 12:45,69.793,15,
587,7/11/23 13:00,69.793,13,
588,7/11/23 13:15,69.793,14,
589,7/11/23 13:30,69.964,15,
590,7/11/23 13:45,69.449,11,
591,7/11/23 14:00,68.763,11,
592,7/11/23 14:15,68.592,9,
593,7/11/23 14:30,68.592,8,
594,7/11/23 14:45,68.421,6,
595,7/11/23 15:00,68.421,5,
596,7/11/23 15:15,68.248,4,
597,7/11/23 15:30,68.248,1,
598,7/11/23 15:45,68.077,5,
599,7/11/23 16:00,68.421,7,
600,7/11/23 16:15,69.449,8,
601,7/11/23 16:30,69.964,7,
602,7/11/23 16:45,69.622,4,
603,7/11/23 17:00,68.592,4,
604,7/11/23 17:15,68.421,3,
605,7/11/23 17:30,69.107,3,
606,7/11/23 17:45,70.308,2,
607,7/11/23 18:00,69.622,2,
608,7/11/23 18:15,68.421,1,
609,7/11/23 18:30,70.651,1,
610,7/11/23 18:45,70.651,0,
611,7/11/23 19:00,69.107,0,
612,7/11/23 19:15,68.763,0,
613,7/11/23 19:30,69.622,0,
614,7/11/23 19:45,70.48,0,
615,7/11/23 20:00,70.995,0,
616,7/11/23 20:15,70.995,0,
617,7/11/23 20:30,71.168,0,
618,7/11/23 20:45,71.339,0,
619,7/11/23 21:00,71.339,0,
620,7/11/23 21:15,71.512,0,
621,7/11/23 21:30,71.339,0,
622,7/11/23 21:45,70.308,0,
623,7/11/23 22:00,70.995,0,
624,7/11/23 22:15,70.308,0,
625,7/11/23 22:30,70.995,0,
626,7/11/23 22:45,71.683,0,
627,7/11/23 23:00,69.964,0,
628,7/11/23 23:15,68.421,0,
629,7/11/23 23:30,69.107,0,
630,7/11/23 23:45,70.308,0,
631,7/12/23 0:00,70.995,0,
632,7/12/23 0:15,70.824,0,
633,7/12/23 0:30,70.48,0,
634,7/12/23 0:45,70.137,0,
635,7/12/23 1:00,69.622,0,
636,7/12/23 1:15,68.592,0,
637,7/12/23 1:30,68.077,0,
638,7/12/23 1:45,68.248,0,
639,7/12/23 2:00,68.248,0,
640,7/12/23 2:15,68.421,0,
641,7/12/23 2:30,68.421,0,
642,7/12/23 2:45,67.05,0,
643,7/12/23 3:00,68.077,0,
644,7/12/23 3:15,66.879,0,
645,7/12/23 3:30,66.879,0,
646,7/12/23 3:45,66.879,0,
647,7/12/23 4:00,67.564,0,
648,7/12/23 4:15,67.392,0,
649,7/12/23 4:30,68.592,0,
650,7/12/23 4:45,68.592,0,
651,7/12/23 5:00,68.592,0,
652,7/12/23 5:15,68.421,0,
653,7/12/23 5:30,68.077,0,
654,7/12/23 5:45,67.735,0,
655,7/12/23 6:00,69.622,0,
656,7/12/23 6:15,67.564,0,
657,7/12/23 6:30,65.509,0,
658,7/12/23 6:45,65.68,0,
659,7/12/23 7:00,68.421,0,
660,7/12/23 7:15,68.421,1,
661,7/12/23 7:30,69.107,1,
662,7/12/23 7:45,69.622,2,
663,7/12/23 8:00,70.48,2,
664,7/12/23 8:15,71.168,2,
665,7/12/23 8:30,71.339,3,
666,7/12/23 8:45,71.168,3,
667,7/12/23 9:00,71.683,3,
668,7/12/23 9:15,72.028,4,
669,7/12/23 9:30,71.856,4,
670,7/12/23 9:45,71.512,5,
671,7/12/23 10:00,70.995,5,
672,7/12/23 10:15,70.651,18,
673,7/12/23 10:30,67.906,19,
674,7/12/23 10:45,67.221,22,
675,7/12/23 11:00,66.879,21,
676,7/12/23 11:15,66.879,23,
677,7/12/23 11:30,67.221,25,
678,7/12/23 11:45,67.564,27,
679,7/12/23 12:00,67.564,26,
680,7/12/23 12:15,67.906,27,
681,7/12/23 12:30,68.077,27,
682,7/12/23 12:45,68.248,29,
683,7/12/23 13:00,68.248,28,
684,7/12/23 13:15,68.077,26,
685,7/12/23 13:30,68.077,26,
686,7/12/23 13:45,67.906,25,
687,7/12/23 14:00,68.077,25,
688,7/12/23 14:15,67.906,23,
689,7/12/23 14:30,67.906,20,
690,7/12/23 14:45,67.906,16,
691,7/12/23 15:00,67.735,19,
692,7/12/23 15:15,68.248,20,
693,7/12/23 15:30,68.934,18,
694,7/12/23 15:45,69.107,15,
695,7/12/23 16:00,68.592,12,
696,7/12/23 16:15,68.934,11,
697,7/12/23 16:30,68.592,8,
698,7/12/23 16:45,68.934,9,
699,7/12/23 17:00,68.421,7,
700,7/12/23 17:15,67.735,5,
701,7/12/23 17:30,67.735,3,
702,7/12/23 17:45,68.077,8,
703,7/12/23 18:00,68.248,7,
704,7/12/23 18:15,68.421,3,
705,7/12/23 18:30,67.564,0,
706,7/12/23 18:45,66.537,1,
707,7/12/23 19:00,66.193,1,
708,7/12/23 19:15,66.366,0,
709,7/12/23 19:30,68.934,0,
710,7/12/23 19:45,69.622,0,
711,7/12/23 20:00,68.248,0,
712,7/12/23 20:15,69.793,0,
713,7/12/23 20:30,69.622,0,
714,7/12/23 20:45,70.651,0,
715,7/12/23 21:00,70.995,0,
716,7/12/23 21:15,71.168,0,
717,7/12/23 21:30,70.824,0,
718,7/12/23 21:45,70.824,0,
719,7/12/23 22:00,70.651,0,
720,7/12/23 22:15,70.824,0,
721,7/12/23 22:30,71.168,0,
722,7/12/23 22:45,71.512,0,
723,7/12/23 23:00,67.564,0,
724,7/12/23 23:15,66.537,0,
725,7/12/23 23:30,66.193,0,
726,7/12/23 23:45,66.193,0,
727,7/13/23 0:00,66.537,0,
728,7/13/23 0:15,68.077,0,
729,7/13/23 0:30,69.449,0,
730,7/13/23 0:45,68.248,0,
731,7/13/23 1:00,68.077,0,
732,7/13/23 1:15,68.077,0,
733,7/13/23 1:30,68.248,0,
734,7/13/23 1:45,68.421,0,
735,7/13/23 2:00,68.763,0,
736,7/13/23 2:15,66.537,0,
737,7/13/23 2:30,66.193,0,
738,7/13/23 2:45,66.366,0,
739,7/13/23 3:00,66.537,0,
740,7/13/23 3:15,66.537,0,
741,7/13/23 3:30,66.537,0,
742,7/13/23 3:45,66.708,0,
743,7/13/23 4:00,67.221,0,
744,7/13/23 4:15,67.735,0,
745,7/13/23 4:30,68.248,0,
746,7/13/23 4:45,68.421,0,
747,7/13/23 5:00,67.735,0,
748,7/13/23 5:15,67.221,0,
749,7/13/23 5:30,67.392,0,
750,7/13/23 5:45,67.392,0,
751,7/13/23 6:00,67.221,0,
752,7/13/23 6:15,67.392,0,
753,7/13/23 6:30,67.392,1,
754,7/13/23 6:45,67.564,2,
755,7/13/23 7:00,67.735,3,
756,7/13/23 7:15,67.906,2,
757,7/13/23 7:30,66.879,2,
758,7/13/23 7:45,65.68,4,
759,7/13/23 8:00,67.564,6,
760,7/13/23 8:15,68.421,6,
761,7/13/23 8:30,67.735,6,
762,7/13/23 8:45,68.934,8,
763,7/13/23 9:00,69.793,10,
764,7/13/23 9:15,70.308,10,
765,7/13/23 9:30,69.793,11,
766,7/13/23 9:45,69.278,12,
767,7/13/23 10:00,69.449,14,
768,7/13/23 10:15,70.137,9,
769,7/13/23 10:30,69.622,16,
770,7/13/23 10:45,68.592,16,
771,7/13/23 11:00,69.449,18,
772,7/13/23 11:15,67.735,18,
773,7/13/23 11:30,65.167,18,
774,7/13/23 11:45,64.996,19,
775,7/13/23 12:00,65.167,22,
776,7/13/23 12:15,67.221,23,
777,7/13/23 12:30,67.221,17,
778,7/13/23 12:45,67.05,23,
779,7/13/23 13:00,66.879,16,
780,7/13/23 13:15,66.879,14,
781,7/13/23 13:30,67.221,13,
782,7/13/23 13:45,67.735,11,
783,7/13/23 14:00,68.248,12,
784,7/13/23 14:15,68.421,13,
785,7/13/23 14:30,68.421,7,
786,7/13/23 14:45,67.392,19,
787,7/13/23 15:00,67.221,6,
788,7/13/23 15:15,67.392,4,
789,7/13/23 15:30,67.392,17,
790,7/13/23 15:45,67.392,15,
791,7/13/23 16:00,67.392,15,
792,7/13/23 16:15,67.564,6,
793,7/13/23 16:30,67.564,11,
794,7/13/23 16:45,68.077,3,
795,7/13/23 17:00,67.906,2,
796,7/13/23 17:15,68.934,2,
797,7/13/23 17:30,69.107,2,
798,7/13/23 17:45,67.564,2,
799,7/13/23 18:00,67.221,2,
800,7/13/23 18:15,67.221,2,
801,7/13/23 18:30,68.248,2,
802,7/13/23 18:45,69.793,2,
803,7/13/23 19:00,67.221,1,
804,7/13/23 19:15,66.193,0,
805,7/13/23 19:30,66.022,0,
806,7/13/23 19:45,66.366,0,
807,7/13/23 20:00,67.906,0,
808,7/13/23 20:15,66.366,0,
809,7/13/23 20:30,66.193,0,
810,7/13/23 20:45,65.509,0,
811,7/13/23 21:00,65.851,0,
812,7/13/23 21:15,67.735,0,
813,7/13/23 21:30,69.622,0,
814,7/13/23 21:45,70.48,0,
815,7/13/23 22:00,70.824,0,
816,7/13/23 22:15,70.651,0,
817,7/13/23 22:30,70.824,0,
818,7/13/23 22:45,70.995,0,
819,7/13/23 23:00,70.824,0,
820,7/13/23 23:15,70.824,0,
821,7/13/23 23:30,70.995,0,
822,7/13/23 23:45,70.308,0,
823,7/14/23 0:00,68.592,0,
824,7/14/23 0:15,65.338,0,
825,7/14/23 0:30,65.338,0,
826,7/14/23 0:45,65.851,0,
827,7/14/23 1:00,65.68,0,
828,7/14/23 1:15,66.022,0,
829,7/14/23 1:30,68.934,0,
830,7/14/23 1:45,69.449,0,
831,7/14/23 2:00,69.449,0,
832,7/14/23 2:15,66.708,0,
833,7/14/23 2:30,66.537,0,
834,7/14/23 2:45,69.449,0,
835,7/14/23 3:00,69.278,0,
836,7/14/23 3:15,67.221,0,
837,7/14/23 3:30,67.392,0,
838,7/14/23 3:45,67.906,0,
839,7/14/23 4:00,68.934,0,
840,7/14/23 4:15,69.107,0,
841,7/14/23 4:30,69.278,0,
842,7/14/23 4:45,69.107,0,
843,7/14/23 5:00,69.793,0,
844,7/14/23 5:15,69.964,0,
845,7/14/23 5:30,69.793,0,
846,7/14/23 5:45,68.421,0,
847,7/14/23 6:00,67.906,0,
848,7/14/23 6:15,67.564,0,
849,7/14/23 6:30,67.05,0,
850,7/14/23 6:45,66.708,1,
851,7/14/23 7:00,66.879,2,
852,7/14/23 7:15,67.221,1,
853,7/14/23 7:30,67.05,3,
854,7/14/23 7:45,66.022,2,
855,7/14/23 8:00,66.022,2,
856,7/14/23 8:15,66.708,2,
857,7/14/23 8:30,67.906,2,
858,7/14/23 8:45,66.708,2,
859,7/14/23 9:00,66.879,1,
860,7/14/23 9:15,68.077,0,
861,7/14/23 9:30,69.107,0,
862,7/14/23 9:45,69.107,0,
863,7/14/23 10:00,67.735,0,
864,7/14/23 10:15,67.735,1,
865,7/14/23 10:30,68.248,2,
866,7/14/23 10:45,68.934,2,
867,7/14/23 11:00,68.077,1,
868,7/14/23 11:15,68.763,2,
869,7/14/23 11:30,68.934,3,
870,7/14/23 11:45,68.421,5,
871,7/14/23 12:00,68.592,4,
872,7/14/23 12:15,68.763,16,
873,7/14/23 12:30,68.592,11,
874,7/14/23 12:45,68.763,2,
875,7/14/23 13:00,68.934,4,
876,7/14/23 13:15,69.449,5,
877,7/14/23 13:30,70.308,1,
878,7/14/23 13:45,71.168,5,
879,7/14/23 14:00,68.934,3,
880,7/14/23 14:15,66.879,3,
881,7/14/23 14:30,67.221,3,
882,7/14/23 14:45,67.906,3,
883,7/14/23 15:00,68.421,4,
884,7/14/23 15:15,68.763,4,
885,7/14/23 15:30,68.934,15,
886,7/14/23 15:45,69.278,6,
887,7/14/23 16:00,69.449,2,
888,7/14/23 16:15,69.622,3,
889,7/14/23 16:30,69.793,4,
890,7/14/23 16:45,69.793,4,
891,7/14/23 17:00,69.964,10,
892,7/14/23 17:15,69.964,5,
893,7/14/23 17:30,69.964,2,
894,7/14/23 17:45,69.964,0,
895,7/14/23 18:00,70.137,1,
896,7/14/23 18:15,69.278,1,
897,7/14/23 18:30,69.107,1,
898,7/14/23 18:45,69.107,0,
899,7/14/23 19:00,69.449,0,
900,7/14/23 19:15,69.793,0,
901,7/14/23 19:30,69.964,0,
902,7/14/23 19:45,68.248,0,
903,7/14/23 20:00,68.077,0,
904,7/14/23 20:15,69.622,0,
905,7/14/23 20:30,68.592,0,
906,7/14/23 20:45,68.248,0,
907,7/14/23 21:00,68.763,0,
908,7/14/23 21:15,69.964,0,
909,7/14/23 21:30,69.622,0,
910,7/14/23 21:45,67.735,0,
911,7/14/23 22:00,67.906,0,
912,7/14/23 22:15,68.421,0,
913,7/14/23 22:30,69.278,0,
914,7/14/23 22:45,69.622,0,
915,7/14/23 23:00,69.793,0,
916,7/14/23 23:15,69.964,0,
917,7/14/23 23:30,69.964,0,
918,7/14/23 23:45,70.137,0,
919,7/15/23 0:00,70.137,0,
920,7/15/23 0:15,70.308,0,
921,7/15/23 0:30,70.308,0,
922,7/15/23 0:45,70.48,0,
923,7/15/23 1:00,69.622,0,
924,7/15/23 1:15,68.248,0,
925,7/15/23 1:30,66.022,0,
926,7/15/23 1:45,65.851,0,
927,7/15/23 2:00,68.592,0,
928,7/15/23 2:15,68.421,0,
929,7/15/23 2:30,67.906,0,
930,7/15/23 2:45,69.622,0,
931,7/15/23 3:00,69.964,0,
932,7/15/23 3:15,69.278,0,
933,7/15/23 3:30,69.793,0,
934,7/15/23 3:45,70.308,0,
935,7/15/23 4:00,66.537,0,
936,7/15/23 4:15,68.592,0,
937,7/15/23 4:30,68.763,0,
938,7/15/23 4:45,68.421,0,
939,7/15/23 5:00,68.934,0,
940,7/15/23 5:15,69.449,0,
941,7/15/23 5:30,69.622,0,
942,7/15/23 5:45,69.793,0,
943,7/15/23 6:00,69.793,0,
944,7/15/23 6:15,69.278,0,
945,7/15/23 6:30,69.449,0,
946,7/15/23 6:45,69.449,1,
947,7/15/23 7:00,69.622,0,
948,7/15/23 7:15,69.107,0,
949,7/15/23 7:30,69.107,0,
950,7/15/23 7:45,69.964,5,
951,7/15/23 8:00,67.05,4,
952,7/15/23 8:15,66.879,8,
953,7/15/23 8:30,67.906,2,
954,7/15/23 8:45,68.248,4,
955,7/15/23 9:00,68.248,4,
956,7/15/23 9:15,68.592,9,
957,7/15/23 9:30,68.763,4,
958,7/15/23 9:45,68.934,4,
959,7/15/23 10:00,69.449,13,
960,7/15/23 10:15,68.934,4,
961,7/15/23 10:30,69.107,14,
962,7/15/23 10:45,69.449,11,
963,7/15/23 11:00,69.793,23,
964,7/15/23 11:15,69.793,13,
965,7/15/23 11:30,69.964,28,
966,7/15/23 11:45,70.137,14,
967,7/15/23 12:00,70.651,20,
968,7/15/23 12:15,70.651,18,
969,7/15/23 12:30,70.824,26,
970,7/15/23 12:45,70.824,34,
971,7/15/23 13:00,67.392,26,
972,7/15/23 13:15,67.392,15,
973,7/15/23 13:30,66.708,5,
974,7/15/23 13:45,66.366,3,
975,7/15/23 14:00,66.537,6,
976,7/15/23 14:15,69.793,14,
977,7/15/23 14:30,68.763,24,
978,7/15/23 14:45,70.137,21,
979,7/15/23 15:00,70.48,19,
980,7/15/23 15:15,68.934,15,
981,7/15/23 15:30,68.763,14,
982,7/15/23 15:45,68.763,11,
983,7/15/23 16:00,68.763,4,
984,7/15/23 16:15,68.592,7,
985,7/15/23 16:30,68.592,5,
986,7/15/23 16:45,69.107,11,
987,7/15/23 17:00,69.793,9,
988,7/15/23 17:15,70.137,7,
989,7/15/23 17:30,70.48,2,
990,7/15/23 17:45,70.651,2,
991,7/15/23 18:00,68.763,2,
992,7/15/23 18:15,67.392,1,
993,7/15/23 18:30,67.735,0,
994,7/15/23 18:45,68.763,1,
995,7/15/23 19:00,69.793,0,
996,7/15/23 19:15,68.592,0,
997,7/15/23 19:30,67.564,0,
998,7/15/23 19:45,67.392,0,
999,7/15/23 20:00,69.622,0,
1000,7/15/23 20:15,68.421,0,
1001,7/15/23 20:30,68.077,0,
1002,7/15/23 20:45,68.592,0,
1003,7/15/23 21:00,67.735,0,
1004,7/15/23 21:15,67.906,0,
1005,7/15/23 21:30,67.735,0,
1006,7/15/23 21:45,67.906,0,
1007,7/15/23 22:00,68.077,0,
1008,7/15/23 22:15,70.308,0,
1009,7/15/23 22:30,68.592,0,
1010,7/15/23 22:45,68.592,0,
1011,7/15/23 23:00,69.278,0,
1012,7/15/23 23:15,69.278,0,
1013,7/15/23 23:30,69.278,0,
1014,7/15/23 23:45,69.449,0,
1015,7/16/23 0:00,69.107,0,
1016,7/16/23 0:15,69.449,0,
1017,7/16/23 0:30,70.137,0,
1018,7/16/23 0:45,70.308,0,
1019,7/16/23 1:00,70.308,0,
1020,7/16/23 1:15,70.48,0,
1021,7/16/23 1:30,69.964,0,
1022,7/16/23 1:45,69.793,0,
1023,7/16/23 2:00,69.622,0,
1024,7/16/23 2:15,67.392,0,
1025,7/16/23 2:30,66.366,0,
1026,7/16/23 2:45,66.193,0,
1027,7/16/23 3:00,66.366,0,
1028,7/16/23 3:15,69.622,0,
1029,7/16/23 3:30,70.308,0,
1030,7/16/23 3:45,70.48,0,
1031,7/16/23 4:00,70.651,0,
1032,7/16/23 4:15,70.824,0,
1033,7/16/23 4:30,69.449,0,
1034,7/16/23 4:45,66.708,0,
1035,7/16/23 5:00,66.708,0,
1036,7/16/23 5:15,68.077,0,
1037,7/16/23 5:30,69.107,0,
1038,7/16/23 5:45,69.449,0,
1039,7/16/23 6:00,69.622,0,
1040,7/16/23 6:15,69.793,0,
1041,7/16/23 6:30,70.137,0,
1042,7/16/23 6:45,70.48,1,
1043,7/16/23 7:00,70.48,2,
1044,7/16/23 7:15,70.48,2,
1045,7/16/23 7:30,70.651,2,
1046,7/16/23 7:45,69.793,3,
1047,7/16/23 8:00,67.906,2,
1048,7/16/23 8:15,68.248,1,
1049,7/16/23 8:30,69.107,6,
1050,7/16/23 8:45,70.651,5,
1051,7/16/23 9:00,69.793,1,
1052,7/16/23 9:15,70.651,3,
1053,7/16/23 9:30,69.449,3,
1054,7/16/23 9:45,67.735,2,
1055,7/16/23 10:00,68.077,2,
1056,7/16/23 10:15,70.137,3,
1057,7/16/23 10:30,70.48,3,
1058,7/16/23 10:45,68.592,2,
1059,7/16/23 11:00,68.421,1,
1060,7/16/23 11:15,68.763,1,
1061,7/16/23 11:30,69.278,2,
1062,7/16/23 11:45,69.449,2,
1063,7/16/23 12:00,70.308,3,
1064,7/16/23 12:15,70.48,4,
1065,7/16/23 12:30,70.48,4,
1066,7/16/23 12:45,70.651,5,
1067,7/16/23 13:00,70.308,6,
1068,7/16/23 13:15,69.449,10,
1069,7/16/23 13:30,69.622,7,
1070,7/16/23 13:45,69.793,3,
1071,7/16/23 14:00,69.964,3,
1072,7/16/23 14:15,69.964,4,
1073,7/16/23 14:30,70.308,3,
1074,7/16/23 14:45,70.308,13,
1075,7/16/23 15:00,70.308,2,
1076,7/16/23 15:15,69.793,1,
1077,7/16/23 15:30,69.964,1,
1078,7/16/23 15:45,70.308,0,
1079,7/16/23 16:00,70.308,0,
1080,7/16/23 16:15,70.48,0,
1081,7/16/23 16:30,70.48,0,
1082,7/16/23 16:45,70.651,0,
1083,7/16/23 17:00,70.651,0,
1084,7/16/23 17:15,70.824,0,
1085,7/16/23 17:30,70.308,0,
1086,7/16/23 17:45,69.622,0,
1087,7/16/23 18:00,69.793,0,
1088,7/16/23 18:15,70.137,0,
1089,7/16/23 18:30,70.995,0,
1090,7/16/23 18:45,71.168,0,
1091,7/16/23 19:00,70.995,0,
1092,7/16/23 19:15,70.824,0,
1093,7/16/23 19:30,70.651,0,
1094,7/16/23 19:45,70.651,0,
1095,7/16/23 20:00,70.651,0,
1096,7/16/23 20:15,70.651,0,
1097,7/16/23 20:30,70.651,0,
1098,7/16/23 20:45,70.651,0,
1099,7/16/23 21:00,68.421,0,
1100,7/16/23 21:15,69.107,0,
1101,7/16/23 21:30,68.763,0,
1102,7/16/23 21:45,69.278,0,
1103,7/16/23 22:00,69.964,0,
1104,7/16/23 22:15,70.137,0,
1105,7/16/23 22:30,70.824,0,
1106,7/16/23 22:45,70.824,0,
1107,7/16/23 23:00,69.278,0,
1108,7/16/23 23:15,67.564,0,
1109,7/16/23 23:30,68.592,0,
1110,7/16/23 23:45,68.763,0,
1111,7/17/23 0:00,68.934,0,
1112,7/17/23 0:15,69.107,0,
1113,7/17/23 0:30,69.278,0,
1114,7/17/23 0:45,69.278,0,
1115,7/17/23 1:00,69.278,0,
1116,7/17/23 1:15,69.278,0,
1117,7/17/23 1:30,69.449,0,
1118,7/17/23 1:45,69.449,0,
1119,7/17/23 2:00,69.622,0,
1120,7/17/23 2:15,69.449,0,
1121,7/17/23 2:30,69.107,0,
1122,7/17/23 2:45,69.964,0,
1123,7/17/23 3:00,67.392,0,
1124,7/17/23 3:15,66.879,0,
1125,7/17/23 3:30,66.879,0,
1126,7/17/23 3:45,67.392,0,
1127,7/17/23 4:00,68.421,0,
1128,7/17/23 4:15,68.592,0,
1129,7/17/23 4:30,68.763,0,
1130,7/17/23 4:45,68.934,0,
1131,7/17/23 5:00,69.449,0,
1132,7/17/23 5:15,68.934,0,
1133,7/17/23 5:30,68.763,0,
1134,7/17/23 5:45,68.248,0,
1135,7/17/23 6:00,67.735,0,
1136,7/17/23 6:15,67.735,0,
1137,7/17/23 6:30,67.906,0,
1138,7/17/23 6:45,68.421,0,
1139,7/17/23 7:00,69.278,0,
1140,7/17/23 7:15,69.278,0,
1141,7/17/23 7:30,69.964,2,
1142,7/17/23 7:45,69.793,2,
1143,7/17/23 8:00,69.964,2,
1144,7/17/23 8:15,69.793,2,
1145,7/17/23 8:30,69.278,2,
1146,7/17/23 8:45,66.708,4,
1147,7/17/23 9:00,66.879,2,
1148,7/17/23 9:15,67.906,3,
1149,7/17/23 9:30,69.107,6,
1150,7/17/23 9:45,67.564,6,
1151,7/17/23 10:00,67.221,6,
1152,7/17/23 10:15,67.735,8,
1153,7/17/23 10:30,68.248,10,
1154,7/17/23 10:45,67.906,8,
1155,7/17/23 11:00,67.735,10,
1156,7/17/23 11:15,68.077,11,
1157,7/17/23 11:30,68.934,15,
1158,7/17/23 11:45,68.934,17,
1159,7/17/23 12:00,69.278,16,
1160,7/17/23 12:15,69.793,17,
1161,7/17/23 12:30,70.48,16,
1162,7/17/23 12:45,70.824,16,
1163,7/17/23 13:00,70.995,16,
1164,7/17/23 13:15,70.995,16,
1165,7/17/23 13:30,70.308,15,
1166,7/17/23 13:45,70.137,15,
1167,7/17/23 14:00,70.651,16,
1168,7/17/23 14:15,69.964,13,
1169,7/17/23 14:30,69.278,12,
1170,7/17/23 14:45,69.278,10,
1171,7/17/23 15:00,69.278,9,
1172,7/17/23 15:15,69.278,7,
1173,7/17/23 15:30,69.278,4,
1174,7/17/23 15:45,69.449,5,
1175,7/17/23 16:00,71.168,6,
1176,7/17/23 16:15,71.683,5,
1177,7/17/23 16:30,72.028,4,
1178,7/17/23 16:45,72.372,3,
1179,7/17/23 17:00,70.824,3,
1180,7/17/23 17:15,68.763,2,
1181,7/17/23 17:30,68.763,1,
1182,7/17/23 17:45,68.592,1,
1183,7/17/23 18:00,68.763,1,
1184,7/17/23 18:15,69.449,1,
1185,7/17/23 18:30,70.308,0,
1186,7/17/23 18:45,70.48,0,
1187,7/17/23 19:00,70.824,0,
1188,7/17/23 19:15,70.995,0,
1189,7/17/23 19:30,71.168,0,
1190,7/17/23 19:45,70.308,0,
1191,7/17/23 20:00,69.622,0,
1192,7/17/23 20:15,69.622,0,
1193,7/17/23 20:30,69.449,0,
1194,7/17/23 20:45,67.05,0,
1195,7/17/23 21:00,68.421,0,
1196,7/17/23 21:15,69.964,0,
1197,7/17/23 21:30,70.651,0,
1198,7/17/23 21:45,70.824,0,
1199,7/17/23 22:00,67.564,0,
1200,7/17/23 22:15,67.735,0,
1201,7/17/23 22:30,69.793,0,
1202,7/17/23 22:45,68.763,0,
1203,7/17/23 23:00,68.248,0,
1204,7/17/23 23:15,68.077,0,
1205,7/17/23 23:30,68.763,0,
1206,7/17/23 23:45,69.793,0,
1207,7/18/23 0:00,69.964,0,
1208,7/18/23 0:15,69.964,0,
1209,7/18/23 0:30,69.964,0,
1210,7/18/23 0:45,70.308,0,
1211,7/18/23 1:00,70.651,0,
1212,7/18/23 1:15,70.824,0,
1213,7/18/23 1:30,70.995,0,
1214,7/18/23 1:45,71.168,0,
1215,7/18/23 2:00,71.168,0,
1216,7/18/23 2:15,70.995,0,
1217,7/18/23 2:30,71.168,0,
1218,7/18/23 2:45,71.168,0,
1219,7/18/23 3:00,68.763,0,
1220,7/18/23 3:15,67.05,0,
1221,7/18/23 3:30,67.221,0,
1222,7/18/23 3:45,67.392,0,
1223,7/18/23 4:00,68.421,0,
1224,7/18/23 4:15,68.934,0,
1225,7/18/23 4:30,69.793,0,
1226,7/18/23 4:45,70.651,0,
1227,7/18/23 5:00,70.651,0,
1228,7/18/23 5:15,67.392,0,
1229,7/18/23 5:30,67.392,0,
1230,7/18/23 5:45,67.906,0,
1231,7/18/23 6:00,67.906,0,
1232,7/18/23 6:15,67.564,0,
1233,7/18/23 6:30,67.735,0,
1234,7/18/23 6:45,67.564,0,
1235,7/18/23 7:00,67.735,0,
1236,7/18/23 7:15,67.735,0,
1237,7/18/23 7:30,67.906,0,
1238,7/18/23 7:45,68.421,0,
1239,7/18/23 8:00,68.592,1,
1240,7/18/23 8:15,68.934,2,
1241,7/18/23 8:30,69.278,2,
1242,7/18/23 8:45,69.622,2,
1243,7/18/23 9:00,69.793,3,
1244,7/18/23 9:15,68.077,4,
1245,7/18/23 9:30,67.906,6,
1246,7/18/23 9:45,67.906,2,
1247,7/18/23 10:00,67.735,3,
1248,7/18/23 10:15,68.248,2,
1249,7/18/23 10:30,67.906,3,
1250,7/18/23 10:45,67.735,6,
1251,7/18/23 11:00,67.221,3,
1252,7/18/23 11:15,67.392,5,
1253,7/18/23 11:30,67.392,6,
1254,7/18/23 11:45,67.735,3,
1255,7/18/23 12:00,68.934,8,
1256,7/18/23 12:15,69.793,6,
1257,7/18/23 12:30,70.137,8,
1258,7/18/23 12:45,70.651,3,
1259,7/18/23 13:00,70.824,9,
1260,7/18/23 13:15,71.339,5,
1261,7/18/23 13:30,70.995,6,
1262,7/18/23 13:45,70.995,2,
1263,7/18/23 14:00,70.651,5,
1264,7/18/23 14:15,69.964,3,
1265,7/18/23 14:30,69.793,7,
1266,7/18/23 14:45,69.793,6,
1267,7/18/23 15:00,69.964,3,
1268,7/18/23 15:15,66.193,3,
1269,7/18/23 15:30,66.366,5,
1270,7/18/23 15:45,67.392,5,
1271,7/18/23 16:00,67.906,4,
1272,7/18/23 16:15,68.934,3,
1273,7/18/23 16:30,67.392,2,
1274,7/18/23 16:45,68.421,3,
1275,7/18/23 17:00,70.651,2,
1276,7/18/23 17:15,69.107,2,
1277,7/18/23 17:30,68.592,2,
1278,7/18/23 17:45,68.592,1,
1279,7/18/23 18:00,68.592,1,
1280,7/18/23 18:15,68.248,0,
1281,7/18/23 18:30,68.421,1,
1282,7/18/23 18:45,68.421,1,
1283,7/18/23 19:00,68.592,0,
1284,7/18/23 19:15,69.449,0,
1285,7/18/23 19:30,69.793,0,
1286,7/18/23 19:45,69.964,0,
1287,7/18/23 20:00,69.278,0,
1288,7/18/23 20:15,69.449,0,
1289,7/18/23 20:30,68.934,0,
1290,7/18/23 20:45,67.221,0,
1291,7/18/23 21:00,67.221,0,
1292,7/18/23 21:15,67.221,0,
1293,7/18/23 21:30,67.221,0,
1294,7/18/23 21:45,70.48,0,
1295,7/18/23 22:00,70.824,0,
1296,7/18/23 22:15,69.793,0,
1297,7/18/23 22:30,67.392,0,
1298,7/18/23 22:45,67.221,0,
1299,7/18/23 23:00,67.564,0,
1300,7/18/23 23:15,68.077,0,
1301,7/18/23 23:30,68.077,0,
1302,7/18/23 23:45,68.248,0,
1303,7/19/23 0:00,67.735,0,
1304,7/19/23 0:15,67.906,0,
1305,7/19/23 0:30,68.763,0,
1306,7/19/23 0:45,69.449,0,
1307,7/19/23 1:00,69.622,0,
1308,7/19/23 1:15,69.793,0,
1309,7/19/23 1:30,69.964,0,
1310,7/19/23 1:45,70.137,0,
1311,7/19/23 2:00,70.308,0,
1312,7/19/23 2:15,70.651,0,
1313,7/19/23 2:30,70.824,0,
1314,7/19/23 2:45,70.824,0,
1315,7/19/23 3:00,70.995,0,
1316,7/19/23 3:15,70.995,0,
1317,7/19/23 3:30,69.793,0,
1318,7/19/23 3:45,66.537,0,
1319,7/19/23 4:00,66.366,0,
1320,7/19/23 4:15,66.708,0,
1321,7/19/23 4:30,68.592,0,
1322,7/19/23 4:45,69.107,0,
1323,7/19/23 5:00,69.278,0,
1324,7/19/23 5:15,68.934,0,
1325,7/19/23 5:30,68.592,0,
1326,7/19/23 5:45,68.934,0,
1327,7/19/23 6:00,68.934,0,
1328,7/19/23 6:15,70.995,0,
1329,7/19/23 6:30,67.906,0,
1330,7/19/23 6:45,67.735,0,
1331,7/19/23 7:00,67.564,0,
1332,7/19/23 7:15,67.564,0,
1333,7/19/23 7:30,67.221,0,
1334,7/19/23 7:45,67.564,0,
1335,7/19/23 8:00,68.421,1,
1336,7/19/23 8:15,68.421,0,
1337,7/19/23 8:30,68.763,1,
1338,7/19/23 8:45,68.934,1,
1339,7/19/23 9:00,69.278,0,
1340,7/19/23 9:15,69.622,2,
1341,7/19/23 9:30,69.793,3,
1342,7/19/23 9:45,69.793,2,
1343,7/19/23 10:00,68.763,2,
1344,7/19/23 10:15,67.735,12,
1345,7/19/23 10:30,68.592,24,
1346,7/19/23 10:45,69.964,34,
1347,7/19/23 11:00,68.421,28,
1348,7/19/23 11:15,68.248,19,
1349,7/19/23 11:30,67.221,36,
1350,7/19/23 11:45,68.077,38,
1351,7/19/23 12:00,68.592,16,
1352,7/19/23 12:15,68.592,22,
1353,7/19/23 12:30,68.421,32,
1354,7/19/23 12:45,69.278,22,
1355,7/19/23 13:00,69.793,24,
1356,7/19/23 13:15,70.137,23,
1357,7/19/23 13:30,70.137,24,
1358,7/19/23 13:45,71.512,30,
1359,7/19/23 14:00,72.028,30,
1360,7/19/23 14:15,71.683,16,
1361,7/19/23 14:30,69.278,13,
1362,7/19/23 14:45,70.824,13,
1363,7/19/23 15:00,69.278,11,
1364,7/19/23 15:15,69.278,11,
1365,7/19/23 15:30,69.278,6,
1366,7/19/23 15:45,69.107,5,
1367,7/19/23 16:00,69.107,8,
1368,7/19/23 16:15,66.022,6,
1369,7/19/23 16:30,66.193,11,
1370,7/19/23 16:45,69.107,8,
1371,7/19/23 17:00,69.964,4,
1372,7/19/23 17:15,65.851,6,
1373,7/19/23 17:30,66.366,4,
1374,7/19/23 17:45,67.05,4,
1375,7/19/23 18:00,66.708,4,
1376,7/19/23 18:15,67.221,2,
1377,7/19/23 18:30,67.564,2,
1378,7/19/23 18:45,67.735,1,
1379,7/19/23 19:00,69.107,2,
1380,7/19/23 19:15,69.278,2,
1381,7/19/23 19:30,69.278,0,
1382,7/19/23 19:45,69.622,0,
1383,7/19/23 20:00,69.107,0,
1384,7/19/23 20:15,67.564,0,
1385,7/19/23 20:30,67.564,0,
1386,7/19/23 20:45,67.564,0,
1387,7/19/23 21:00,67.564,0,
1388,7/19/23 21:15,67.564,0,
1389,7/19/23 21:30,67.221,0,
1390,7/19/23 21:45,67.05,0,
1391,7/19/23 22:00,67.05,0,
1392,7/19/23 22:15,67.221,0,
1393,7/19/23 22:30,68.421,0,
1394,7/19/23 22:45,68.421,0,
1395,7/19/23 23:00,69.793,0,
1396,7/19/23 23:15,69.107,0,
1397,7/19/23 23:30,67.564,0,
1398,7/19/23 23:45,67.392,0,
1399,7/20/23 0:00,67.392,0,
1400,7/20/23 0:15,67.392,0,
1401,7/20/23 0:30,67.735,0,
1402,7/20/23 0:45,68.248,0,
1403,7/20/23 1:00,68.248,0,
1404,7/20/23 1:15,67.906,0,
1405,7/20/23 1:30,69.278,0,
1406,7/20/23 1:45,69.793,0,
1407,7/20/23 2:00,70.308,0,
1408,7/20/23 2:15,70.308,0,
1409,7/20/23 2:30,70.651,0,
1410,7/20/23 2:45,71.339,0,
1411,7/20/23 3:00,71.512,0,
1412,7/20/23 3:15,71.683,0,
1413,7/20/23 3:30,71.856,0,
1414,7/20/23 3:45,69.964,0,
1415,7/20/23 4:00,69.622,0,
1416,7/20/23 4:15,66.366,0,
1417,7/20/23 4:30,65.68,0,
1418,7/20/23 4:45,71.856,0,
1419,7/20/23 5:00,67.221,0,
1420,7/20/23 5:15,67.221,0,
1421,7/20/23 5:30,65.851,0,
1422,7/20/23 5:45,68.763,0,
1423,7/20/23 6:00,66.022,0,
1424,7/20/23 6:15,65.851,0,
1425,7/20/23 6:30,66.022,0,
1426,7/20/23 6:45,66.537,1,
1427,7/20/23 7:00,66.537,1,
1428,7/20/23 7:15,66.879,3,
1429,7/20/23 7:30,67.05,3,
1430,7/20/23 7:45,67.392,5,
1431,7/20/23 8:00,67.392,6,
1432,7/20/23 8:15,67.221,6,
1433,7/20/23 8:30,67.221,8,
1434,7/20/23 8:45,67.735,10,
1435,7/20/23 9:00,67.906,12,
1436,7/20/23 9:15,67.906,11,
1437,7/20/23 9:30,67.906,13,
1438,7/20/23 9:45,68.248,13,
1439,7/20/23 10:00,67.392,14,
1440,7/20/23 10:15,67.221,12,
1441,7/20/23 10:30,67.221,13,
1442,7/20/23 10:45,67.221,14,
1443,7/20/23 11:00,67.392,18,
1444,7/20/23 11:15,67.392,20,
1445,7/20/23 11:30,67.735,25,
1446,7/20/23 11:45,67.735,22,
1447,7/20/23 12:00,67.906,28,
1448,7/20/23 12:15,69.449,32,
1449,7/20/23 12:30,69.278,31,
1450,7/20/23 12:45,69.964,27,
1451,7/20/23 13:00,66.708,22,
1452,7/20/23 13:15,68.763,20,
1453,7/20/23 13:30,66.879,26,
1454,7/20/23 13:45,68.763,21,
1455,7/20/23 14:00,70.308,23,
1456,7/20/23 14:15,68.934,23,
1457,7/20/23 14:30,68.934,23,
1458,7/20/23 14:45,69.964,20,
1459,7/20/23 15:00,70.137,14,
1460,7/20/23 15:15,68.077,12,
1461,7/20/23 15:30,68.421,10,
1462,7/20/23 15:45,69.107,11,
1463,7/20/23 16:00,69.622,11,
1464,7/20/23 16:15,69.278,11,
1465,7/20/23 16:30,67.906,8,
1466,7/20/23 16:45,70.824,6,
1467,7/20/23 17:00,67.221,5,
1468,7/20/23 17:15,67.392,2,
1469,7/20/23 17:30,65.509,1,
1470,7/20/23 17:45,64.996,1,
1471,7/20/23 18:00,65.167,2,
1472,7/20/23 18:15,66.366,2,
1473,7/20/23 18:30,67.05,2,
1474,7/20/23 18:45,67.392,1,
1475,7/20/23 19:00,68.248,0,
1476,7/20/23 19:15,68.592,0,
1477,7/20/23 19:30,68.763,0,
1478,7/20/23 19:45,69.107,0,
1479,7/20/23 20:00,69.449,0,
1480,7/20/23 20:15,69.278,0,
1481,7/20/23 20:30,69.449,0,
1482,7/20/23 20:45,69.278,0,
1483,7/20/23 21:00,69.449,0,
1484,7/20/23 21:15,69.622,0,
1485,7/20/23 21:30,69.107,0,
1486,7/20/23 21:45,68.934,0,
1487,7/20/23 22:00,68.592,0,
1488,7/20/23 22:15,68.592,0,
1489,7/20/23 22:30,68.592,0,
1490,7/20/23 22:45,68.421,0,
1491,7/20/23 23:00,68.248,0,
1492,7/20/23 23:15,68.248,0,
1493,7/20/23 23:30,67.906,0,
1494,7/20/23 23:45,67.906,0,
1495,7/21/23 0:00,67.906,0,
1496,7/21/23 0:15,67.564,0,
1497,7/21/23 0:30,67.564,0,
1498,7/21/23 0:45,67.221,0,
1499,7/21/23 1:00,67.392,0,
1500,7/21/23 1:15,68.592,0,
1501,7/21/23 1:30,68.421,0,
1502,7/21/23 1:45,68.248,0,
1503,7/21/23 2:00,67.906,0,
1504,7/21/23 2:15,67.05,0,
1505,7/21/23 2:30,71.512,0,
1506,7/21/23 2:45,70.995,0,
1507,7/21/23 3:00,70.308,0,
1508,7/21/23 3:15,69.278,0,
1509,7/21/23 3:30,69.449,0,
1510,7/21/23 3:45,71.512,0,
1511,7/21/23 4:00,68.592,0,
1512,7/21/23 4:15,68.763,0,
1513,7/21/23 4:30,68.763,0,
1514,7/21/23 4:45,66.193,0,
1515,7/21/23 5:00,65.167,0,
1516,7/21/23 5:15,68.421,0,
1517,7/21/23 5:30,68.592,0,
1518,7/21/23 5:45,67.221,0,
1519,7/21/23 6:00,66.708,0,
1520,7/21/23 6:15,65.851,0,
1521,7/21/23 6:30,66.879,0,
1522,7/21/23 6:45,67.221,1,
1523,7/21/23 7:00,67.735,2,
1524,7/21/23 7:15,67.906,1,
1525,7/21/23 7:30,67.221,1,
1526,7/21/23 7:45,66.708,2,
1527,7/21/23 8:00,66.879,3,
1528,7/21/23 8:15,67.221,3,
1529,7/21/23 8:30,67.221,4,
1530,7/21/23 8:45,67.392,6,
1531,7/21/23 9:00,67.735,5,
1532,7/21/23 9:15,68.077,7,
1533,7/21/23 9:30,68.248,4,
1534,7/21/23 9:45,69.964,4,
1535,7/21/23 10:00,70.48,5,
1536,7/21/23 10:15,70.824,5,
1537,7/21/23 10:30,70.824,4,
1538,7/21/23 10:45,70.995,5,
1539,7/21/23 11:00,70.995,5,
1540,7/21/23 11:15,67.05,4,
1541,7/21/23 11:30,67.392,3,
1542,7/21/23 11:45,70.995,4,
1543,7/21/23 12:00,71.168,5,
1544,7/21/23 12:15,67.392,7,
1545,7/21/23 12:30,67.221,6,
1546,7/21/23 12:45,67.564,24,
1547,7/21/23 13:00,70.308,7,
1548,7/21/23 13:15,69.964,8,
1549,7/21/23 13:30,68.077,6,
1550,7/21/23 13:45,68.248,8,
1551,7/21/23 14:00,69.622,11,
1552,7/21/23 14:15,67.564,28,
1553,7/21/23 14:30,68.592,7,
1554,7/21/23 14:45,71.339,2,
1555,7/21/23 15:00,70.308,9,
1556,7/21/23 15:15,70.308,19,
1557,7/21/23 15:30,70.48,17,
1558,7/21/23 15:45,71.856,11,
1559,7/21/23 16:00,69.449,10,
1560,7/21/23 16:15,68.763,4,
1561,7/21/23 16:30,69.107,4,
1562,7/21/23 16:45,70.308,5,
1563,7/21/23 17:00,69.449,4,
1564,7/21/23 17:15,67.221,2,
1565,7/21/23 17:30,67.05,1,
1566,7/21/23 17:45,67.392,0,
1567,7/21/23 18:00,66.366,0,
1568,7/21/23 18:15,65.68,0,
1569,7/21/23 18:30,67.392,0,
1570,7/21/23 18:45,66.366,0,
1571,7/21/23 19:00,66.879,0,
1572,7/21/23 19:15,67.564,0,
1573,7/21/23 19:30,68.763,0,
1574,7/21/23 19:45,69.107,0,
1575,7/21/23 20:00,68.763,0,
1576,7/21/23 20:15,68.421,0,
1577,7/21/23 20:30,69.449,0,
1578,7/21/23 20:45,68.421,0,
1579,7/21/23 21:00,67.735,0,
1580,7/21/23 21:15,68.934,0,
1581,7/21/23 21:30,71.168,0,
1582,7/21/23 21:45,68.934,0,
1583,7/21/23 22:00,68.763,0,
1584,7/21/23 22:15,69.793,0,
1585,7/21/23 22:30,69.964,0,
1586,7/21/23 22:45,70.308,0,
1587,7/21/23 23:00,68.763,0,
1588,7/21/23 23:15,69.278,0,
1589,7/21/23 23:30,72.891,0,
1590,7/21/23 23:45,68.421,0,
1591,7/22/23 0:00,70.308,0,
1592,7/22/23 0:15,70.651,0,
1593,7/22/23 0:30,70.824,0,
1594,7/22/23 0:45,71.168,0,
1595,7/22/23 1:00,69.278,0,
1596,7/22/23 1:15,69.278,0,
1597,7/22/23 1:30,68.592,0,
1598,7/22/23 1:45,68.763,0,
1599,7/22/23 2:00,70.824,0,
1600,7/22/23 2:15,67.906,0,
1601,7/22/23 2:30,67.735,0,
1602,7/22/23 2:45,68.934,0,
1603,7/22/23 3:00,69.622,0,
1604,7/22/23 3:15,72.199,0,
1605,7/22/23 3:30,72.199,0,
1606,7/22/23 3:45,72.372,0,
1607,7/22/23 4:00,70.651,0,
1608,7/22/23 4:15,69.964,0,
1609,7/22/23 4:30,70.48,0,
1610,7/22/23 4:45,71.856,0,
1611,7/22/23 5:00,71.683,0,
1612,7/22/23 5:15,72.028,0,
1613,7/22/23 5:30,68.421,0,
1614,7/22/23 5:45,66.537,0,
1615,7/22/23 6:00,66.193,0,
1616,7/22/23 6:15,66.366,0,
1617,7/22/23 6:30,69.278,0,
1618,7/22/23 6:45,71.168,0,
1619,7/22/23 7:00,72.545,1,
1620,7/22/23 7:15,67.221,1,
1621,7/22/23 7:30,66.708,2,
1622,7/22/23 7:45,68.934,3,
1623,7/22/23 8:00,68.763,4,
1624,7/22/23 8:15,68.592,4,
1625,7/22/23 8:30,68.934,5,
1626,7/22/23 8:45,68.592,6,
1627,7/22/23 9:00,68.077,7,
1628,7/22/23 9:15,68.077,7,
1629,7/22/23 9:30,68.248,10,
1630,7/22/23 9:45,68.592,11,
1631,7/22/23 10:00,68.763,11,
1632,7/22/23 10:15,68.763,13,
1633,7/22/23 10:30,69.278,15,
1634,7/22/23 10:45,69.793,18,
1635,7/22/23 11:00,67.735,16,
1636,7/22/23 11:15,67.564,18,
1637,7/22/23 11:30,67.735,20,
1638,7/22/23 11:45,67.906,22,
1639,7/22/23 12:00,67.906,24,
1640,7/22/23 12:15,68.077,26,
1641,7/22/23 12:30,68.592,28,
1642,7/22/23 12:45,68.248,26,
1643,7/22/23 13:00,68.248,21,
1644,7/22/23 13:15,68.077,21,
1645,7/22/23 13:30,68.077,20,
1646,7/22/23 13:45,68.248,22,
1647,7/22/23 14:00,68.421,25,
1648,7/22/23 14:15,68.421,21,
1649,7/22/23 14:30,70.824,21,
1650,7/22/23 14:45,68.077,18,
1651,7/22/23 15:00,67.735,19,
1652,7/22/23 15:15,67.05,16,
1653,7/22/23 15:30,68.248,17,
1654,7/22/23 15:45,70.137,8,
1655,7/22/23 16:00,68.934,13,
1656,7/22/23 16:15,70.48,5,
1657,7/22/23 16:30,72.199,8,
1658,7/22/23 16:45,71.683,6,
1659,7/22/23 17:00,72.199,3,
1660,7/22/23 17:15,70.137,2,
1661,7/22/23 17:30,68.934,2,
1662,7/22/23 17:45,68.077,2,
1663,7/22/23 18:00,66.879,1,
1664,7/22/23 18:15,66.022,2,
1665,7/22/23 18:30,65.509,0,
1666,7/22/23 18:45,67.221,1,
1667,7/22/23 19:00,66.022,0,
1668,7/22/23 19:15,66.022,0,
1669,7/22/23 19:30,67.735,0,
1670,7/22/23 19:45,67.906,0,
1671,7/22/23 20:00,68.421,0,
1672,7/22/23 20:15,69.449,0,
1673,7/22/23 20:30,69.793,0,
1674,7/22/23 20:45,70.308,0,
1675,7/22/23 21:00,70.651,0,
1676,7/22/23 21:15,70.651,0,
1677,7/22/23 21:30,70.824,0,
1678,7/22/23 21:45,69.107,0,
1679,7/22/23 22:00,70.308,0,
1680,7/22/23 22:15,70.824,0,
1681,7/22/23 22:30,69.793,0,
1682,7/22/23 22:45,68.592,0,
1683,7/22/23 23:00,68.763,0,
1684,7/22/23 23:15,68.934,0,
1685,7/22/23 23:30,68.934,0,
1686,7/22/23 23:45,69.107,0,
1687,7/23/23 0:00,69.449,0,
1688,7/23/23 0:15,69.964,0,
1689,7/23/23 0:30,70.651,0,
1690,7/23/23 0:45,68.934,0,
1691,7/23/23 1:00,68.248,0,
1692,7/23/23 1:15,68.934,0,
1693,7/23/23 1:30,69.107,0,
1694,7/23/23 1:45,67.906,0,
1695,7/23/23 2:00,67.221,0,
1696,7/23/23 2:15,67.392,0,
1697,7/23/23 2:30,67.906,0,
1698,7/23/23 2:45,67.735,0,
1699,7/23/23 3:00,69.278,0,
1700,7/23/23 3:15,69.107,0,
1701,7/23/23 3:30,67.392,0,
1702,7/23/23 3:45,67.05,0,
1703,7/23/23 4:00,68.421,0,
1704,7/23/23 4:15,70.651,0,
1705,7/23/23 4:30,70.137,0,
1706,7/23/23 4:45,69.278,0,
1707,7/23/23 5:00,71.339,0,
1708,7/23/23 5:15,71.856,0,
1709,7/23/23 5:30,69.449,0,
1710,7/23/23 5:45,71.339,0,
1711,7/23/23 6:00,68.077,0,
1712,7/23/23 6:15,66.879,0,
1713,7/23/23 6:30,70.308,0,
1714,7/23/23 6:45,66.537,0,
1715,7/23/23 7:00,66.022,0,
1716,7/23/23 7:15,67.735,1,
1717,7/23/23 7:30,66.366,1,
1718,7/23/23 7:45,66.022,1,
1719,7/23/23 8:00,67.564,2,
1720,7/23/23 8:15,66.193,3,
1721,7/23/23 8:30,66.879,4,
1722,7/23/23 8:45,67.221,5,
1723,7/23/23 9:00,67.735,5,
1724,7/23/23 9:15,67.564,7,
1725,7/23/23 9:30,67.735,8,
1726,7/23/23 9:45,67.906,7,
1727,7/23/23 10:00,68.248,8,
1728,7/23/23 10:15,68.592,9,
1729,7/23/23 10:30,68.421,9,
1730,7/23/23 10:45,68.763,10,
1731,7/23/23 11:00,68.934,10,
1732,7/23/23 11:15,69.107,9,
1733,7/23/23 11:30,69.449,10,
1734,7/23/23 11:45,69.449,10,
1735,7/23/23 12:00,68.592,9,
1736,7/23/23 12:15,68.421,11,
1737,7/23/23 12:30,68.421,13,
1738,7/23/23 12:45,68.592,12,
1739,7/23/23 13:00,68.763,13,
1740,7/23/23 13:15,68.934,14,
1741,7/23/23 13:30,68.763,15,
1742,7/23/23 13:45,68.421,13,
1743,7/23/23 14:00,68.592,12,
1744,7/23/23 14:15,68.592,13,
1745,7/23/23 14:30,69.622,12,
1746,7/23/23 14:45,69.793,10,
1747,7/23/23 15:00,69.107,10,
1748,7/23/23 15:15,68.763,8,
1749,7/23/23 15:30,68.248,8,
1750,7/23/23 15:45,68.592,9,
1751,7/23/23 16:00,69.278,8,
1752,7/23/23 16:15,70.651,7,
1753,7/23/23 16:30,68.077,5,
1754,7/23/23 16:45,69.449,5,
1755,7/23/23 17:00,69.449,3,
1756,7/23/23 17:15,69.622,3,
1757,7/23/23 17:30,69.793,3,
1758,7/23/23 17:45,69.793,2,
1759,7/23/23 18:00,69.449,1,
1760,7/23/23 18:15,68.248,1,
1761,7/23/23 18:30,67.564,1,
1762,7/23/23 18:45,66.366,0,
1763,7/23/23 19:00,68.421,0,
1764,7/23/23 19:15,69.107,0,
1765,7/23/23 19:30,66.537,0,
1766,7/23/23 19:45,66.193,0,
1767,7/23/23 20:00,66.537,0,
1768,7/23/23 20:15,68.077,0,
1769,7/23/23 20:30,68.934,0,
1770,7/23/23 20:45,69.622,0,
1771,7/23/23 21:00,70.308,0,
1772,7/23/23 21:15,71.168,0,
1773,7/23/23 21:30,69.622,0,
1774,7/23/23 21:45,68.934,0,
1775,7/23/23 22:00,69.278,0,
1776,7/23/23 22:15,70.651,0,
1777,7/23/23 22:30,72.718,0,
1778,7/23/23 22:45,69.278,0,
1779,7/23/23 23:00,68.077,0,
1780,7/23/23 23:15,69.278,0,
1781,7/23/23 23:30,70.308,0,
1782,7/23/23 23:45,70.995,0,
1783,7/24/23 0:00,70.651,0,
1784,7/24/23 0:15,67.564,0,
1785,7/24/23 0:30,67.564,0,
1786,7/24/23 0:45,68.248,0,
1787,7/24/23 1:00,67.906,0,
1788,7/24/23 1:15,68.248,0,
1789,7/24/23 1:30,68.248,0,
1790,7/24/23 1:45,68.934,0,
1791,7/24/23 2:00,68.592,0,
1792,7/24/23 2:15,68.763,0,
1793,7/24/23 2:30,68.421,0,
1794,7/24/23 2:45,68.592,0,
1795,7/24/23 3:00,69.107,0,
1796,7/24/23 3:15,67.564,0,
1797,7/24/23 3:30,66.022,0,
1798,7/24/23 3:45,67.221,0,
1799,7/24/23 4:00,69.107,0,
1800,7/24/23 4:15,69.278,0,
1801,7/24/23 4:30,69.449,0,
1802,7/24/23 4:45,68.763,0,
1803,7/24/23 5:00,68.763,0,
1804,7/24/23 5:15,68.592,0,
1805,7/24/23 5:30,68.763,0,
1806,7/24/23 5:45,69.793,0,
1807,7/24/23 6:00,70.308,0,
1808,7/24/23 6:15,68.763,0,
1809,7/24/23 6:30,67.906,0,
1810,7/24/23 6:45,68.763,0,
1811,7/24/23 7:00,68.592,0,
1812,7/24/23 7:15,68.934,0,
1813,7/24/23 7:30,68.421,1,
1814,7/24/23 7:45,65.68,1,
1815,7/24/23 8:00,66.193,1,
1816,7/24/23 8:15,67.735,1,
1817,7/24/23 8:30,66.022,1,
1818,7/24/23 8:45,66.366,2,
1819,7/24/23 9:00,66.708,2,
1820,7/24/23 9:15,67.05,2,
1821,7/24/23 9:30,67.221,1,
1822,7/24/23 9:45,67.392,4,
1823,7/24/23 10:00,67.392,4,
1824,7/24/23 10:15,67.564,5,
1825,7/24/23 10:30,67.564,3,
1826,7/24/23 10:45,67.392,3,
1827,7/24/23 11:00,67.564,4,
1828,7/24/23 11:15,67.564,3,
1829,7/24/23 11:30,68.248,4,
1830,7/24/23 11:45,68.934,2,
1831,7/24/23 12:00,69.793,3,
1832,7/24/23 12:15,69.107,4,
1833,7/24/23 12:30,67.05,3,
1834,7/24/23 12:45,67.735,4,
1835,7/24/23 13:00,68.248,2,
1836,7/24/23 13:15,67.564,2,
1837,7/24/23 13:30,67.564,2,
1838,7/24/23 13:45,67.564,2,
1839,7/24/23 14:00,67.735,2,
1840,7/24/23 14:15,67.906,2,
1841,7/24/23 14:30,68.077,2,
1842,7/24/23 14:45,66.879,1,
1843,7/24/23 15:00,66.708,3,
1844,7/24/23 15:15,68.421,4,
1845,7/24/23 15:30,68.763,3,
1846,7/24/23 15:45,68.934,1,
1847,7/24/23 16:00,69.964,3,
1848,7/24/23 16:15,67.735,2,
1849,7/24/23 16:30,67.564,1,
1850,7/24/23 16:45,68.248,1,
1851,7/24/23 17:00,68.934,0,
1852,7/24/23 17:15,69.793,1,
1853,7/24/23 17:30,69.449,0,
1854,7/24/23 17:45,72.372,0,
1855,7/24/23 18:00,68.592,0,
1856,7/24/23 18:15,68.763,0,
1857,7/24/23 18:30,68.934,0,
1858,7/24/23 18:45,68.248,0,
1859,7/24/23 19:00,66.708,0,
1860,7/24/23 19:15,65.851,0,
1861,7/24/23 19:30,64.996,0,
1862,7/24/23 19:45,65.509,0,
1863,7/24/23 20:00,66.879,0,
1864,7/24/23 20:15,66.193,0,
1865,7/24/23 20:30,65.509,0,
1866,7/24/23 20:45,65.509,0,
1867,7/24/23 21:00,66.193,0,
1868,7/24/23 21:15,68.421,0,
1869,7/24/23 21:30,66.366,0,
1870,7/24/23 21:45,66.022,0,
1871,7/24/23 22:00,66.193,0,
1872,7/24/23 22:15,66.022,0,
1873,7/24/23 22:30,66.022,0,
1874,7/24/23 22:45,67.564,0,
1875,7/24/23 23:00,66.879,0,
1876,7/24/23 23:15,66.193,0,
1877,7/24/23 23:30,65.68,0,
1878,7/24/23 23:45,65.851,0,
1879,7/25/23 0:00,66.193,0,
1880,7/25/23 0:15,66.366,0,
1881,7/25/23 0:30,66.537,0,
1882,7/25/23 0:45,66.708,0,
1883,7/25/23 1:00,67.05,0,
1884,7/25/23 1:15,67.05,0,
1885,7/25/23 1:30,67.221,0,
1886,7/25/23 1:45,67.906,0,
1887,7/25/23 2:00,67.735,0,
1888,7/25/23 2:15,67.564,0,
1889,7/25/23 2:30,67.564,0,
1890,7/25/23 2:45,67.906,0,
1891,7/25/23 3:00,67.564,0,
1892,7/25/23 3:15,67.735,0,
1893,7/25/23 3:30,67.392,0,
1894,7/25/23 3:45,68.248,0,
1895,7/25/23 4:00,66.879,0,
1896,7/25/23 4:15,66.366,0,
1897,7/25/23 4:30,66.537,0,
1898,7/25/23 4:45,68.248,0,
1899,7/25/23 5:00,69.107,0,
1900,7/25/23 5:15,68.934,0,
1901,7/25/23 5:30,70.651,0,
1902,7/25/23 5:45,67.564,0,
1903,7/25/23 6:00,67.735,0,
1904,7/25/23 6:15,68.077,0,
1905,7/25/23 6:30,67.906,0,
1906,7/25/23 6:45,69.107,0,
1907,7/25/23 7:00,67.221,0,
1908,7/25/23 7:15,66.879,0,
1909,7/25/23 7:30,65.851,0,
1910,7/25/23 7:45,65.338,0,
1911,7/25/23 8:00,67.05,0,
1912,7/25/23 8:15,68.248,0,
1913,7/25/23 8:30,69.449,0,
1914,7/25/23 8:45,68.763,0,
1915,7/25/23 9:00,66.193,1,
1916,7/25/23 9:15,66.022,1,
1917,7/25/23 9:30,66.022,1,
1918,7/25/23 9:45,66.193,1,
1919,7/25/23 10:00,66.879,1,
1920,7/25/23 10:15,67.05,2,
1921,7/25/23 10:30,67.735,2,
1922,7/25/23 10:45,68.077,2,
1923,7/25/23 11:00,67.906,2,
1924,7/25/23 11:15,68.077,2,
1925,7/25/23 11:30,68.248,2,
1926,7/25/23 11:45,68.763,2,
1927,7/25/23 12:00,69.107,3,
1928,7/25/23 12:15,69.107,2,
1929,7/25/23 12:30,69.449,2,
1930,7/25/23 12:45,70.651,2,
1931,7/25/23 13:00,70.824,2,
1932,7/25/23 13:15,69.449,2,
1933,7/25/23 13:30,67.05,2,
1934,7/25/23 13:45,66.879,2,
1935,7/25/23 14:00,67.05,2,
1936,7/25/23 14:15,69.964,2,
1937,7/25/23 14:30,66.879,2,
1938,7/25/23 14:45,66.708,2,
1939,7/25/23 15:00,66.708,1,
1940,7/25/23 15:15,66.879,2,
1941,7/25/23 15:30,67.221,2,
1942,7/25/23 15:45,67.05,1,
1943,7/25/23 16:00,67.221,1,
1944,7/25/23 16:15,67.564,1,
1945,7/25/23 16:30,67.906,1,
1946,7/25/23 16:45,69.622,1,
1947,7/25/23 17:00,66.879,0,
1948,7/25/23 17:15,66.366,0,
1949,7/25/23 17:30,66.708,0,
1950,7/25/23 17:45,68.248,0,
1951,7/25/23 18:00,71.512,0,
1952,7/25/23 18:15,68.592,0,
1953,7/25/23 18:30,69.793,0,
1954,7/25/23 18:45,70.137,0,
1955,7/25/23 19:00,69.964,0,
1956,7/25/23 19:15,69.964,0,
1957,7/25/23 19:30,69.964,0,
1958,7/25/23 19:45,69.278,0,
1959,7/25/23 20:00,66.193,0,
1960,7/25/23 20:15,67.906,0,
1961,7/25/23 20:30,65.338,0,
1962,7/25/23 20:45,63.968,0,
1963,7/25/23 21:00,65.338,0,
1964,7/25/23 21:15,71.339,0,
1965,7/25/23 21:30,64.652,0,
1966,7/25/23 21:45,67.906,0,
1967,7/25/23 22:00,68.077,0,
1968,7/25/23 22:15,67.906,0,
1969,7/25/23 22:30,66.879,0,
1970,7/25/23 22:45,67.05,0,
1971,7/25/23 23:00,68.934,0,
1972,7/25/23 23:15,67.564,0,
1973,7/25/23 23:30,66.879,0,
1974,7/25/23 23:45,66.366,0,
1975,7/26/23 0:00,66.708,0,
1976,7/26/23 0:15,66.879,0,
1977,7/26/23 0:30,67.392,0,
1978,7/26/23 0:45,69.107,0,
1979,7/26/23 1:00,70.48,0,
1980,7/26/23 1:15,71.168,0,
1981,7/26/23 1:30,67.906,0,
1982,7/26/23 1:45,67.564,0,
1983,7/26/23 2:00,67.564,0,
1984,7/26/23 2:15,67.564,0,
1985,7/26/23 2:30,67.906,0,
1986,7/26/23 2:45,69.793,0,
1987,7/26/23 3:00,67.05,0,
1988,7/26/23 3:15,67.05,0,
1989,7/26/23 3:30,67.906,0,
1990,7/26/23 3:45,67.735,0,
1991,7/26/23 4:00,67.564,0,
1992,7/26/23 4:15,67.906,0,
1993,7/26/23 4:30,68.592,0,
1994,7/26/23 4:45,69.107,0,
1995,7/26/23 5:00,66.537,0,
1996,7/26/23 5:15,67.392,0,
1997,7/26/23 5:30,69.964,0,
1998,7/26/23 5:45,69.793,0,
1999,7/26/23 6:00,68.248,0,
2000,7/26/23 6:15,68.934,0,
2001,7/26/23 6:30,70.651,0,
2002,7/26/23 6:45,67.906,0,
2003,7/26/23 7:00,67.906,0,
2004,7/26/23 7:15,67.906,0,
2005,7/26/23 7:30,68.077,0,
2006,7/26/23 7:45,68.077,0,
2007,7/26/23 8:00,68.763,0,
2008,7/26/23 8:15,70.651,0,
2009,7/26/23 8:30,70.48,1,
2010,7/26/23 8:45,70.651,1,
2011,7/26/23 9:00,70.48,1,
2012,7/26/23 9:15,67.221,1,
2013,7/26/23 9:30,64.139,1,
2014,7/26/23 9:45,64.139,1,
2015,7/26/23 10:00,64.652,2,
2016,7/26/23 10:15,65.338,2,
2017,7/26/23 10:30,66.366,2,
2018,7/26/23 10:45,66.366,3,
2019,7/26/23 11:00,67.05,2,
2020,7/26/23 11:15,67.906,3,
2021,7/26/23 11:30,67.392,2,
2022,7/26/23 11:45,67.392,2,
2023,7/26/23 12:00,66.879,2,
2024,7/26/23 12:15,66.193,3,
2025,7/26/23 12:30,66.708,3,
2026,7/26/23 12:45,67.392,3,
2027,7/26/23 13:00,67.735,4,
2028,7/26/23 13:15,68.248,4,
2029,7/26/23 13:30,68.763,3,
2030,7/26/23 13:45,68.934,3,
2031,7/26/23 14:00,68.592,3,
2032,7/26/23 14:15,67.05,3,
2033,7/26/23 14:30,67.05,3,
2034,7/26/23 14:45,67.05,3,
2035,7/26/23 15:00,67.221,3,
2036,7/26/23 15:15,67.564,2,
2037,7/26/23 15:30,67.906,2,
2038,7/26/23 15:45,67.735,2,
2039,7/26/23 16:00,67.221,2,
2040,7/26/23 16:15,67.221,2,
2041,7/26/23 16:30,67.392,1,
2042,7/26/23 16:45,67.564,1,
2043,7/26/23 17:00,67.05,1,
2044,7/26/23 17:15,67.392,1,
2045,7/26/23 17:30,68.077,1,
2046,7/26/23 17:45,68.592,0,
2047,7/26/23 18:00,68.421,0,
2048,7/26/23 18:15,67.906,0,
2049,7/26/23 18:30,70.995,0,
2050,7/26/23 18:45,68.763,0,
2051,7/26/23 19:00,68.934,0,
2052,7/26/23 19:15,69.278,0,
2053,7/26/23 19:30,70.651,0,
2054,7/26/23 19:45,68.248,0,
2055,7/26/23 20:00,68.077,0,
2056,7/26/23 20:15,68.077,0,
2057,7/26/23 20:30,68.763,0,
2058,7/26/23 20:45,68.077,0,
2059,7/26/23 21:00,66.193,0,
2060,7/26/23 21:15,64.139,0,
2061,7/26/23 21:30,64.825,0,
2062,7/26/23 21:45,71.856,0,
2063,7/26/23 22:00,69.793,0,
2064,7/26/23 22:15,64.31,0,
2065,7/26/23 22:30,66.193,0,
2066,7/26/23 22:45,64.996,0,
2067,7/26/23 23:00,65.167,0,
2068,7/26/23 23:15,66.537,0,
2069,7/26/23 23:30,68.077,0,
2070,7/26/23 23:45,68.077,0,
2071,7/27/23 0:00,68.248,0,
2072,7/27/23 0:15,68.077,0,
2073,7/27/23 0:30,66.193,0,
2074,7/27/23 0:45,66.537,0,
2075,7/27/23 1:00,67.735,0,
2076,7/27/23 1:15,68.934,0,
2077,7/27/23 1:30,69.622,0,
2078,7/27/23 1:45,69.622,0,
2079,7/27/23 2:00,66.708,0,
2080,7/27/23 2:15,65.851,0,
2081,7/27/23 2:30,66.366,0,
2082,7/27/23 2:45,66.366,0,
2083,7/27/23 3:00,68.934,0,
2084,7/27/23 3:15,68.934,0,
2085,7/27/23 3:30,68.421,0,
2086,7/27/23 3:45,68.421,0,
2087,7/27/23 4:00,68.077,0,
2088,7/27/23 4:15,68.077,0,
2089,7/27/23 4:30,66.879,0,
2090,7/27/23 4:45,66.366,0,
2091,7/27/23 5:00,65.68,0,
2092,7/27/23 5:15,66.022,0,
2093,7/27/23 5:30,66.537,0,
2094,7/27/23 5:45,65.509,0,
2095,7/27/23 6:00,67.564,0,
2096,7/27/23 6:15,66.366,0,
2097,7/27/23 6:30,67.735,0,
2098,7/27/23 6:45,69.622,0,
2099,7/27/23 7:00,69.107,0,
2100,7/27/23 7:15,69.449,1,
2101,7/27/23 7:30,68.934,1,
2102,7/27/23 7:45,68.248,1,
2103,7/27/23 8:00,69.278,3,
2104,7/27/23 8:15,69.964,2,
2105,7/27/23 8:30,67.221,2,
2106,7/27/23 8:45,65.509,4,
2107,7/27/23 9:00,64.31,5,
2108,7/27/23 9:15,63.626,3,
2109,7/27/23 9:30,67.906,4,
2110,7/27/23 9:45,67.392,4,
2111,7/27/23 10:00,68.248,2,
2112,7/27/23 10:15,64.652,1,
2113,7/27/23 10:30,63.797,3,
2114,7/27/23 10:45,63.797,4,
2115,7/27/23 11:00,66.537,9,
2116,7/27/23 11:15,65.68,4,
2117,7/27/23 11:30,65.338,3,
2118,7/27/23 11:45,65.338,4,
2119,7/27/23 12:00,65.68,3,
2120,7/27/23 12:15,65.68,4,
2121,7/27/23 12:30,66.022,5,
2122,7/27/23 12:45,66.708,9,
2123,7/27/23 13:00,66.708,7,
2124,7/27/23 13:15,66.879,8,
2125,7/27/23 13:30,66.879,9,
2126,7/27/23 13:45,66.879,3,
2127,7/27/23 14:00,67.392,10,
2128,7/27/23 14:15,68.077,7,
2129,7/27/23 14:30,67.564,2,
2130,7/27/23 14:45,68.077,2,
2131,7/27/23 15:00,68.248,0,
2132,7/27/23 15:15,66.193,0,
2133,7/27/23 15:30,66.022,0,
2134,7/27/23 15:45,66.708,0,
2135,7/27/23 16:00,70.651,0,
2136,7/27/23 16:15,65.68,0,
2137,7/27/23 16:30,66.366,0,
2138,7/27/23 16:45,66.708,0,
2139,7/27/23 17:00,66.879,0,
2140,7/27/23 17:15,67.221,0,
2141,7/27/23 17:30,68.421,0,
2142,7/27/23 17:45,70.137,0,
2143,7/27/23 18:00,70.137,0,
2144,7/27/23 18:15,67.906,0,
2145,7/27/23 18:30,65.338,0,
2146,7/27/23 18:45,66.708,0,
2147,7/27/23 19:00,67.05,0,
2148,7/27/23 19:15,69.622,0,
2149,7/27/23 19:30,70.308,0,
2150,7/27/23 19:45,70.137,0,
2151,7/27/23 20:00,70.137,0,
2152,7/27/23 20:15,70.48,0,
2153,7/27/23 20:30,70.651,0,
2154,7/27/23 20:45,70.48,0,
2155,7/27/23 21:00,70.651,0,
2156,7/27/23 21:15,67.221,0,
2157,7/27/23 21:30,68.592,0,
2158,7/27/23 21:45,68.421,0,
2159,7/27/23 22:00,68.763,0,
2160,7/27/23 22:15,64.481,0,
2161,7/27/23 22:30,64.139,0,
2162,7/27/23 22:45,63.968,0,
2163,7/27/23 23:00,63.968,0,
2164,7/27/23 23:15,67.05,0,
2165,7/27/23 23:30,68.248,0,
2166,7/27/23 23:45,68.248,0,
2167,7/28/23 0:00,69.278,0,
2168,7/28/23 0:15,69.622,0,
2169,7/28/23 0:30,68.592,0,
2170,7/28/23 0:45,69.449,0,
2171,7/28/23 1:00,70.48,0,
2172,7/28/23 1:15,68.934,0,
2173,7/28/23 1:30,68.763,0,
2174,7/28/23 1:45,68.592,0,
2175,7/28/23 2:00,66.366,0,
2176,7/28/23 2:15,66.366,0,
2177,7/28/23 2:30,66.366,0,
2178,7/28/23 2:45,66.193,0,
2179,7/28/23 3:00,66.366,0,
2180,7/28/23 3:15,66.537,0,
2181,7/28/23 3:30,66.708,0,
2182,7/28/23 3:45,67.05,0,
2183,7/28/23 4:00,65.509,0,
2184,7/28/23 4:15,64.825,0,
2185,7/28/23 4:30,66.366,0,
2186,7/28/23 4:45,65.851,0,
2187,7/28/23 5:00,66.193,0,
2188,7/28/23 5:15,65.509,0,
2189,7/28/23 5:30,64.996,0,
2190,7/28/23 5:45,65.167,0,
2191,7/28/23 6:00,65.167,0,
2192,7/28/23 6:15,65.68,0,
2193,7/28/23 6:30,66.879,0,
2194,7/28/23 6:45,67.221,0,
2195,7/28/23 7:00,65.509,0,
2196,7/28/23 7:15,64.996,0,
2197,7/28/23 7:30,64.825,1,
2198,7/28/23 7:45,65.68,2,
2199,7/28/23 8:00,66.193,3,
2200,7/28/23 8:15,67.392,4,
2201,7/28/23 8:30,67.221,5,
2202,7/28/23 8:45,68.421,6,
2203,7/28/23 9:00,67.906,6,
2204,7/28/23 9:15,67.735,8,
2205,7/28/23 9:30,67.906,10,
2206,7/28/23 9:45,67.392,8,
2207,7/28/23 10:00,67.221,10,
2208,7/28/23 10:15,67.392,10,
2209,7/28/23 10:30,67.564,12,
2210,7/28/23 10:45,69.107,15,
2211,7/28/23 11:00,69.278,11,
2212,7/28/23 11:15,69.622,11,
2213,7/28/23 11:30,71.683,11,
2214,7/28/23 11:45,66.708,8,
2215,7/28/23 12:00,65.68,9,
2216,7/28/23 12:15,66.022,9,
2217,7/28/23 12:30,66.537,9,
2218,7/28/23 12:45,66.708,10,
2219,7/28/23 13:00,66.879,10,
2220,7/28/23 13:15,67.05,12,
2221,7/28/23 13:30,67.392,17,
2222,7/28/23 13:45,67.564,16,
2223,7/28/23 14:00,67.735,15,
2224,7/28/23 14:15,67.564,10,
2225,7/28/23 14:30,67.392,10,
2226,7/28/23 14:45,67.906,12,
2227,7/28/23 15:00,67.564,9,
2228,7/28/23 15:15,67.735,11,
2229,7/28/23 15:30,67.906,9,
2230,7/28/23 15:45,67.906,7,
2231,7/28/23 16:00,68.077,9,
2232,7/28/23 16:15,68.248,7,
2233,7/28/23 16:30,67.392,7,
2234,7/28/23 16:45,67.392,6,
2235,7/28/23 17:00,67.564,4,
2236,7/28/23 17:15,70.48,5,
2237,7/28/23 17:30,70.308,3,
2238,7/28/23 17:45,66.022,3,
2239,7/28/23 18:00,66.879,2,
2240,7/28/23 18:15,68.421,2,
2241,7/28/23 18:30,64.825,1,
2242,7/28/23 18:45,64.652,0,
2243,7/28/23 19:00,65.338,0,
2244,7/28/23 19:15,69.278,0,
2245,7/28/23 19:30,67.392,0,
2246,7/28/23 19:45,65.509,0,
2247,7/28/23 20:00,66.537,0,
2248,7/28/23 20:15,68.421,0,
2249,7/28/23 20:30,70.137,0,
2250,7/28/23 20:45,68.592,0,
2251,7/28/23 21:00,69.107,0,
2252,7/28/23 21:15,67.221,0,
2253,7/28/23 21:30,68.077,0,
2254,7/28/23 21:45,69.278,0,
2255,7/28/23 22:00,69.107,0,
2256,7/28/23 22:15,68.421,0,
2257,7/28/23 22:30,68.077,0,
2258,7/28/23 22:45,67.392,0,
2259,7/28/23 23:00,67.392,0,
2260,7/28/23 23:15,69.622,0,
2261,7/28/23 23:30,61.741,0,
2262,7/28/23 23:45,66.022,0,
2263,7/29/23 0:00,69.278,0,
2264,7/29/23 0:15,66.708,0,
2265,7/29/23 0:30,68.248,0,
2266,7/29/23 0:45,69.793,0,
2267,7/29/23 1:00,69.449,0,
2268,7/29/23 1:15,70.308,0,
2269,7/29/23 1:30,68.763,0,
2270,7/29/23 1:45,65.68,0,
2271,7/29/23 2:00,64.31,0,
2272,7/29/23 2:15,64.481,0,
2273,7/29/23 2:30,65.167,0,
2274,7/29/23 2:45,65.338,0,
2275,7/29/23 3:00,65.509,0,
2276,7/29/23 3:15,65.851,0,
2277,7/29/23 3:30,66.366,0,
2278,7/29/23 3:45,67.221,0,
2279,7/29/23 4:00,67.564,0,
2280,7/29/23 4:15,68.077,0,
2281,7/29/23 4:30,68.421,0,
2282,7/29/23 4:45,68.763,0,
2283,7/29/23 5:00,67.906,0,
2284,7/29/23 5:15,66.537,0,
2285,7/29/23 5:30,65.851,0,
2286,7/29/23 5:45,68.077,0,
2287,7/29/23 6:00,69.964,0,
2288,7/29/23 6:15,68.077,0,
2289,7/29/23 6:30,64.996,0,
2290,7/29/23 6:45,65.167,0,
2291,7/29/23 7:00,65.68,1,
2292,7/29/23 7:15,66.708,2,
2293,7/29/23 7:30,66.708,2,
2294,7/29/23 7:45,67.392,3,
2295,7/29/23 8:00,68.592,6,
2296,7/29/23 8:15,68.934,3,
2297,7/29/23 8:30,68.592,3,
2298,7/29/23 8:45,69.622,3,
2299,7/29/23 9:00,69.964,1,
2300,7/29/23 9:15,69.449,2,
2301,7/29/23 9:30,67.735,4,
2302,7/29/23 9:45,70.308,9,
2303,7/29/23 10:00,66.537,8,
2304,7/29/23 10:15,66.193,8,
2305,7/29/23 10:30,66.537,11,
2306,7/29/23 10:45,66.537,7,
2307,7/29/23 11:00,66.708,22,
2308,7/29/23 11:15,66.879,20,
2309,7/29/23 11:30,66.708,15,
2310,7/29/23 11:45,63.968,12,
2311,7/29/23 12:00,71.168,22,
2312,7/29/23 12:15,73.062,8,
2313,7/29/23 12:30,70.824,12,
2314,7/29/23 12:45,66.537,13,
2315,7/29/23 13:00,66.022,19,
2316,7/29/23 13:15,67.05,17,
2317,7/29/23 13:30,67.906,7,
2318,7/29/23 13:45,67.735,16,
2319,7/29/23 14:00,67.564,12,
2320,7/29/23 14:15,66.879,16,
2321,7/29/23 14:30,66.879,18,
2322,7/29/23 14:45,68.592,12,
2323,7/29/23 15:00,69.107,5,
2324,7/29/23 15:15,69.278,6,
2325,7/29/23 15:30,69.278,5,
2326,7/29/23 15:45,67.05,5,
2327,7/29/23 16:00,68.934,5,
2328,7/29/23 16:15,69.964,5,
2329,7/29/23 16:30,69.964,7,
2330,7/29/23 16:45,67.735,4,
2331,7/29/23 17:00,66.366,4,
2332,7/29/23 17:15,67.05,2,
2333,7/29/23 17:30,67.05,2,
2334,7/29/23 17:45,67.564,1,
2335,7/29/23 18:00,67.05,1,
2336,7/29/23 18:15,67.564,1,
2337,7/29/23 18:30,69.622,1,
2338,7/29/23 18:45,66.879,0,
2339,7/29/23 19:00,64.996,0,
2340,7/29/23 19:15,65.68,0,
2341,7/29/23 19:30,65.68,0,
2342,7/29/23 19:45,64.996,0,
2343,7/29/23 20:00,65.167,0,
2344,7/29/23 20:15,66.879,0,
2345,7/29/23 20:30,66.708,0,
2346,7/29/23 20:45,65.167,0,
2347,7/29/23 21:00,68.248,0,
2348,7/29/23 21:15,66.366,0,
2349,7/29/23 21:30,69.278,0,
2350,7/29/23 21:45,68.421,0,
2351,7/29/23 22:00,67.735,0,
2352,7/29/23 22:15,69.278,0,
2353,7/29/23 22:30,68.592,0,
2354,7/29/23 22:45,69.793,0,
2355,7/29/23 23:00,69.964,0,
2356,7/29/23 23:15,69.278,0,
2357,7/29/23 23:30,69.793,0,
2358,7/29/23 23:45,69.107,0,
2359,7/30/23 0:00,69.107,0,
2360,7/30/23 0:15,65.338,0,
2361,7/30/23 0:30,65.509,0,
2362,7/30/23 0:45,65.68,0,
2363,7/30/23 1:00,68.592,0,
2364,7/30/23 1:15,68.934,0,
2365,7/30/23 1:30,68.763,0,
2366,7/30/23 1:45,67.906,0,
2367,7/30/23 2:00,68.077,0,
2368,7/30/23 2:15,62.94,0,
2369,7/30/23 2:30,62.769,0,
2370,7/30/23 2:45,69.964,0,
2371,7/30/23 3:00,63.282,0,
2372,7/30/23 3:15,66.879,0,
2373,7/30/23 3:30,70.651,0,
2374,7/30/23 3:45,69.793,0,
2375,7/30/23 4:00,63.797,0,
2376,7/30/23 4:15,63.282,0,
2377,7/30/23 4:30,64.481,0,
2378,7/30/23 4:45,64.481,0,
2379,7/30/23 5:00,64.825,0,
2380,7/30/23 5:15,64.825,0,
2381,7/30/23 5:30,64.996,0,
2382,7/30/23 5:45,65.338,0,
2383,7/30/23 6:00,65.509,0,
2384,7/30/23 6:15,65.509,0,
2385,7/30/23 6:30,65.338,0,
2386,7/30/23 6:45,65.338,0,
2387,7/30/23 7:00,65.509,0,
2388,7/30/23 7:15,65.68,0,
2389,7/30/23 7:30,66.537,1,
2390,7/30/23 7:45,66.708,3,
2391,7/30/23 8:00,67.735,4,
2392,7/30/23 8:15,66.366,4,
2393,7/30/23 8:30,65.509,5,
2394,7/30/23 8:45,66.366,6,
2395,7/30/23 9:00,66.537,9,
2396,7/30/23 9:15,66.879,10,
2397,7/30/23 9:30,66.537,12,
2398,7/30/23 9:45,67.221,13,
2399,7/30/23 10:00,68.421,16,
2400,7/30/23 10:15,67.221,14,
2401,7/30/23 10:30,67.221,16,
2402,7/30/23 10:45,68.248,20,
2403,7/30/23 11:00,68.934,19,
2404,7/30/23 11:15,69.449,19,
2405,7/30/23 11:30,67.906,3,
2406,7/30/23 11:45,67.564,18,
2407,7/30/23 12:00,70.137,5,
2408,7/30/23 12:15,67.221,18,
2409,7/30/23 12:30,66.708,6,
2410,7/30/23 12:45,66.879,7,
2411,7/30/23 13:00,69.278,21,
2412,7/30/23 13:15,70.651,22,
2413,7/30/23 13:30,66.366,15,
2414,7/30/23 13:45,65.68,4,
2415,7/30/23 14:00,64.825,19,
2416,7/30/23 14:15,66.193,3,
2417,7/30/23 14:30,67.392,16,
2418,7/30/23 14:45,68.077,16,
2419,7/30/23 15:00,68.248,17,
2420,7/30/23 15:15,68.592,17,
2421,7/30/23 15:30,68.763,12,
2422,7/30/23 15:45,69.107,12,
2423,7/30/23 16:00,69.278,10,
2424,7/30/23 16:15,69.278,10,
2425,7/30/23 16:30,69.622,10,
2426,7/30/23 16:45,70.308,7,
2427,7/30/23 17:00,69.964,7,
2428,7/30/23 17:15,69.793,5,
2429,7/30/23 17:30,69.793,5,
2430,7/30/23 17:45,69.964,3,
2431,7/30/23 18:00,70.308,2,
2432,7/30/23 18:15,70.308,2,
2433,7/30/23 18:30,70.137,1,
2434,7/30/23 18:45,70.137,0,
2435,7/30/23 19:00,70.308,0,
2436,7/30/23 19:15,70.308,0,
2437,7/30/23 19:30,68.077,0,
2438,7/30/23 19:45,68.763,0,
2439,7/30/23 20:00,69.622,0,
2440,7/30/23 20:15,69.622,0,
2441,7/30/23 20:30,69.107,0,
2442,7/30/23 20:45,68.421,0,
2443,7/30/23 21:00,69.622,0,
2444,7/30/23 21:15,69.449,0,
2445,7/30/23 21:30,69.793,0,
2446,7/30/23 21:45,67.221,0,
2447,7/30/23 22:00,66.708,0,
2448,7/30/23 22:15,68.248,0,
2449,7/30/23 22:30,69.793,0,
2450,7/30/23 22:45,69.964,0,
2451,7/30/23 23:00,70.137,0,
2452,7/30/23 23:15,70.137,0,
2453,7/30/23 23:30,70.308,0,
2454,7/30/23 23:45,70.48,0,
2455,7/31/23 0:00,70.824,0,
2456,7/31/23 0:15,70.308,0,
2457,7/31/23 0:30,70.308,0,
2458,7/31/23 0:45,70.48,0,
2459,7/31/23 1:00,69.449,0,
2460,7/31/23 1:15,69.622,0,
2461,7/31/23 1:30,70.651,0,
2462,7/31/23 1:45,67.05,0,
2463,7/31/23 2:00,62.254,0,
2464,7/31/23 2:15,71.168,0,
2465,7/31/23 2:30,64.139,0,
2466,7/31/23 2:45,64.825,0,
2467,7/31/23 3:00,71.168,0,
2468,7/31/23 3:15,65.167,0,
2469,7/31/23 3:30,65.68,0,
2470,7/31/23 3:45,65.338,0,
2471,7/31/23 4:00,65.167,0,
2472,7/31/23 4:15,65.167,0,
2473,7/31/23 4:30,65.167,0,
2474,7/31/23 4:45,65.851,0,
2475,7/31/23 5:00,66.022,0,
2476,7/31/23 5:15,64.481,0,
2477,7/31/23 5:30,65.338,0,
2478,7/31/23 5:45,65.509,0,
2479,7/31/23 6:00,66.537,0,
2480,7/31/23 6:15,65.851,0,
2481,7/31/23 6:30,65.68,0,
2482,7/31/23 6:45,65.68,0,
2483,7/31/23 7:00,66.193,0,
2484,7/31/23 7:15,66.537,0,
2485,7/31/23 7:30,67.05,1,
2486,7/31/23 7:45,67.906,2,
2487,7/31/23 8:00,68.077,3,
2488,7/31/23 8:15,67.392,3,
2489,7/31/23 8:30,65.68,3,
2490,7/31/23 8:45,65.338,4,
2491,7/31/23 9:00,66.537,6,
2492,7/31/23 9:15,67.221,7,
2493,7/31/23 9:30,66.366,7,
2494,7/31/23 9:45,68.934,6,
2495,7/31/23 10:00,67.735,12,
2496,7/31/23 10:15,65.338,14,
2497,7/31/23 10:30,67.564,14,
2498,7/31/23 10:45,69.622,15,
2499,7/31/23 11:00,67.735,15,
2500,7/31/23 11:15,69.449,16,
2501,7/31/23 11:30,70.308,14,
2502,7/31/23 11:45,69.107,16,
2503,7/31/23 12:00,69.278,17,
2504,7/31/23 12:15,70.308,15,
2505,7/31/23 12:30,71.168,17,
2506,7/31/23 12:45,69.107,16,
2507,7/31/23 13:00,70.995,14,
2508,7/31/23 13:15,69.622,5,
2509,7/31/23 13:30,65.851,2,
2510,7/31/23 13:45,67.564,13,
2511,7/31/23 14:00,67.05,3,
2512,7/31/23 14:15,65.338,3,
2513,7/31/23 14:30,69.278,11,
2514,7/31/23 14:45,66.022,12,
2515,7/31/23 15:00,66.879,6,
2516,7/31/23 15:15,67.735,12,
2517,7/31/23 15:30,68.248,10,
2518,7/31/23 15:45,68.248,9,
2519,7/31/23 16:00,68.248,8,
2520,7/31/23 16:15,68.421,8,
2521,7/31/23 16:30,68.592,7,
2522,7/31/23 16:45,68.763,5,
2523,7/31/23 17:00,68.934,4,
2524,7/31/23 17:15,68.763,4,
2525,7/31/23 17:30,68.421,2,
2526,7/31/23 17:45,70.137,2,
2527,7/31/23 18:00,71.168,1,
2528,7/31/23 18:15,71.168,1,
2529,7/31/23 18:30,71.339,0,
2530,7/31/23 18:45,71.512,0,
2531,7/31/23 19:00,70.651,0,
2532,7/31/23 19:15,68.763,0,
2533,7/31/23 19:30,68.763,0,
2534,7/31/23 19:45,69.793,0,
2535,7/31/23 20:00,69.964,0,
2536,7/31/23 20:15,69.964,0,
2537,7/31/23 20:30,66.879,0,
2538,7/31/23 20:45,64.139,0,
2539,7/31/23 21:00,64.996,0,
2540,7/31/23 21:15,64.996,0,
2541,7/31/23 21:30,67.735,0,
2542,7/31/23 21:45,66.537,0,
2543,7/31/23 22:00,66.537,0,
2544,7/31/23 22:15,67.564,0,
2545,7/31/23 22:30,66.366,0,
2546,7/31/23 22:45,66.537,0,
2547,7/31/23 23:00,68.077,0,
2548,7/31/23 23:15,69.278,0,
2549,7/31/23 23:30,69.964,0,
2550,7/31/23 23:45,69.964,0,
2551,8/1/23 0:00,69.964,0,
2552,8/1/23 0:15,70.137,0,
2553,8/1/23 0:30,66.537,0,
2554,8/1/23 0:45,67.735,0,
2555,8/1/23 1:00,69.107,0,
2556,8/1/23 1:15,69.622,0,
2557,8/1/23 1:30,70.48,0,
2558,8/1/23 1:45,69.622,0,
2559,8/1/23 2:00,69.964,0,
2560,8/1/23 2:15,67.906,0,
2561,8/1/23 2:30,69.278,0,
2562,8/1/23 2:45,70.824,0,
2563,8/1/23 3:00,69.622,0,
2564,8/1/23 3:15,63.455,0,
2565,8/1/23 3:30,68.934,0,
2566,8/1/23 3:45,70.824,0,
2567,8/1/23 4:00,64.652,0,
2568,8/1/23 4:15,64.652,0,
2569,8/1/23 4:30,64.481,0,
2570,8/1/23 4:45,64.996,0,
2571,8/1/23 5:00,64.652,0,
2572,8/1/23 5:15,64.825,0,
2573,8/1/23 5:30,64.652,0,
2574,8/1/23 5:45,62.769,0,
2575,8/1/23 6:00,62.94,0,
2576,8/1/23 6:15,63.455,0,
2577,8/1/23 6:30,63.968,0,
2578,8/1/23 6:45,64.31,0,
2579,8/1/23 7:00,64.31,0,
2580,8/1/23 7:15,63.968,0,
2581,8/1/23 7:30,64.139,1,
2582,8/1/23 7:45,64.996,1,
2583,8/1/23 8:00,65.68,2,
2584,8/1/23 8:15,66.022,3,
2585,8/1/23 8:30,64.481,4,
2586,8/1/23 8:45,65.338,5,
2587,8/1/23 9:00,65.68,7,
2588,8/1/23 9:15,66.879,8,
2589,8/1/23 9:30,66.022,8,
2590,8/1/23 9:45,65.851,8,
2591,8/1/23 10:00,66.537,11,
2592,8/1/23 10:15,65.167,11,
2593,8/1/23 10:30,66.366,10,
2594,8/1/23 10:45,67.564,10,
2595,8/1/23 11:00,67.906,10,
2596,8/1/23 11:15,68.763,10,
2597,8/1/23 11:30,68.077,9,
2598,8/1/23 11:45,67.906,9,
2599,8/1/23 12:00,69.449,10,
2600,8/1/23 12:15,68.592,10,
2601,8/1/23 12:30,68.077,11,
2602,8/1/23 12:45,68.248,10,
2603,8/1/23 13:00,68.421,10,
2604,8/1/23 13:15,68.592,12,
2605,8/1/23 13:30,69.449,13,
2606,8/1/23 13:45,68.592,10,
2607,8/1/23 14:00,67.221,10,
2608,8/1/23 14:15,68.248,9,
2609,8/1/23 14:30,68.592,4,
2610,8/1/23 14:45,68.248,4,
2611,8/1/23 15:00,63.797,8,
2612,8/1/23 15:15,68.592,8,
2613,8/1/23 15:30,65.167,8,
2614,8/1/23 15:45,64.825,1,
2615,8/1/23 16:00,65.338,1,
2616,8/1/23 16:15,65.851,0,
2617,8/1/23 16:30,66.193,0,
2618,8/1/23 16:45,66.366,0,
2619,8/1/23 17:00,66.537,0,
2620,8/1/23 17:15,66.879,2,
2621,8/1/23 17:30,68.763,1,
2622,8/1/23 17:45,68.421,2,
2623,8/1/23 18:00,67.564,0,
2624,8/1/23 18:15,67.221,1,
2625,8/1/23 18:30,67.564,0,
2626,8/1/23 18:45,67.906,0,
2627,8/1/23 19:00,68.421,0,
2628,8/1/23 19:15,68.592,0,
2629,8/1/23 19:30,69.107,0,
2630,8/1/23 19:45,69.278,0,
2631,8/1/23 20:00,69.278,0,
2632,8/1/23 20:15,69.278,0,
2633,8/1/23 20:30,69.107,0,
2634,8/1/23 20:45,69.278,0,
2635,8/1/23 21:00,69.107,0,
2636,8/1/23 21:15,68.077,0,
2637,8/1/23 21:30,69.107,0,
2638,8/1/23 21:45,67.735,0,
2639,8/1/23 22:00,66.022,0,
2640,8/1/23 22:15,65.851,0,
2641,8/1/23 22:30,66.193,0,
2642,8/1/23 22:45,66.708,0,
2643,8/1/23 23:00,68.248,0,
2644,8/1/23 23:15,68.421,0,
2645,8/1/23 23:30,68.592,0,
2646,8/1/23 23:45,68.248,0,
2647,8/2/23 0:00,68.592,0,
2648,8/2/23 0:15,68.592,0,
2649,8/2/23 0:30,68.763,0,
2650,8/2/23 0:45,69.107,0,
2651,8/2/23 1:00,69.278,0,
2652,8/2/23 1:15,69.449,0,
2653,8/2/23 1:30,69.449,0,
2654,8/2/23 1:45,68.248,0,
2655,8/2/23 2:00,69.107,0,
2656,8/2/23 2:15,67.05,0,
2657,8/2/23 2:30,67.735,0,
2658,8/2/23 2:45,69.449,0,
2659,8/2/23 3:00,69.964,0,
2660,8/2/23 3:15,69.449,0,
2661,8/2/23 3:30,69.964,0,
2662,8/2/23 3:45,64.652,0,
2663,8/2/23 4:00,66.366,0,
2664,8/2/23 4:15,69.793,0,
2665,8/2/23 4:30,64.996,0,
2666,8/2/23 4:45,65.167,0,
2667,8/2/23 5:00,65.167,0,
2668,8/2/23 5:15,65.338,0,
2669,8/2/23 5:30,67.906,0,
2670,8/2/23 5:45,65.851,0,
2671,8/2/23 6:00,65.509,0,
2672,8/2/23 6:15,64.996,0,
2673,8/2/23 6:30,64.139,0,
2674,8/2/23 6:45,64.825,0,
2675,8/2/23 7:00,64.996,0,
2676,8/2/23 7:15,65.167,0,
2677,8/2/23 7:30,65.167,0,
2678,8/2/23 7:45,65.509,0,
2679,8/2/23 8:00,65.851,1,
2680,8/2/23 8:15,66.193,2,
2681,8/2/23 8:30,66.366,2,
2682,8/2/23 8:45,66.193,2,
2683,8/2/23 9:00,66.193,4,
2684,8/2/23 9:15,67.05,5,
2685,8/2/23 9:30,66.537,6,
2686,8/2/23 9:45,66.879,5,
2687,8/2/23 10:00,66.193,7,
2688,8/2/23 10:15,66.879,8,
2689,8/2/23 10:30,66.879,8,
2690,8/2/23 10:45,66.708,8,
2691,8/2/23 11:00,66.366,9,
2692,8/2/23 11:15,66.537,11,
2693,8/2/23 11:30,67.221,12,
2694,8/2/23 11:45,68.077,12,
2695,8/2/23 12:00,68.592,10,
2696,8/2/23 12:15,68.592,10,
2697,8/2/23 12:30,68.934,11,
2698,8/2/23 12:45,69.107,11,
2699,8/2/23 13:00,68.421,12,
2700,8/2/23 13:15,68.248,10,
2701,8/2/23 13:30,68.421,8,
2702,8/2/23 13:45,69.793,10,
2703,8/2/23 14:00,69.278,10,
2704,8/2/23 14:15,69.449,9,
2705,8/2/23 14:30,69.622,9,
2706,8/2/23 14:45,68.421,8,
2707,8/2/23 15:00,66.193,8,
2708,8/2/23 15:15,66.022,7,
2709,8/2/23 15:30,66.193,7,
2710,8/2/23 15:45,68.592,6,
2711,8/2/23 16:00,66.022,5,
2712,8/2/23 16:15,65.68,5,
2713,8/2/23 16:30,68.934,5,
2714,8/2/23 16:45,66.708,1,
2715,8/2/23 17:00,67.05,3,
2716,8/2/23 17:15,67.221,3,
2717,8/2/23 17:30,67.05,1,
2718,8/2/23 17:45,67.05,1,
2719,8/2/23 18:00,67.221,1,
2720,8/2/23 18:15,67.221,0,
2721,8/2/23 18:30,67.05,0,
2722,8/2/23 18:45,67.906,0,
2723,8/2/23 19:00,67.392,0,
2724,8/2/23 19:15,66.708,0,
2725,8/2/23 19:30,67.05,0,
2726,8/2/23 19:45,67.392,0,
2727,8/2/23 20:00,67.221,0,
2728,8/2/23 20:15,67.564,0,
2729,8/2/23 20:30,67.735,0,
2730,8/2/23 20:45,67.564,0,
2731,8/2/23 21:00,67.735,0,
2732,8/2/23 21:15,67.906,0,
2733,8/2/23 21:30,68.077,0,
2734,8/2/23 21:45,68.248,0,
2735,8/2/23 22:00,65.851,0,
2736,8/2/23 22:15,67.05,0,
2737,8/2/23 22:30,67.564,0,
2738,8/2/23 22:45,67.05,0,
2739,8/2/23 23:00,67.392,0,
2740,8/2/23 23:15,66.537,0,
2741,8/2/23 23:30,66.537,0,
2742,8/2/23 23:45,67.05,0,
2743,8/3/23 0:00,67.564,0,
2744,8/3/23 0:15,67.564,0,
2745,8/3/23 0:30,66.366,0,
2746,8/3/23 0:45,66.708,0,
2747,8/3/23 1:00,68.248,0,
2748,8/3/23 1:15,68.421,0,
2749,8/3/23 1:30,68.421,0,
2750,8/3/23 1:45,68.248,0,
2751,8/3/23 2:00,68.248,0,
2752,8/3/23 2:15,68.248,0,
2753,8/3/23 2:30,68.421,0,
2754,8/3/23 2:45,68.248,0,
2755,8/3/23 3:00,68.421,0,
2756,8/3/23 3:15,68.077,0,
2757,8/3/23 3:30,68.077,0,
2758,8/3/23 3:45,67.906,0,
2759,8/3/23 4:00,68.077,0,
2760,8/3/23 4:15,68.077,0,
2761,8/3/23 4:30,68.248,0,
2762,8/3/23 4:45,68.421,0,
2763,8/3/23 5:00,69.107,0,
2764,8/3/23 5:15,65.851,0,
2765,8/3/23 5:30,65.851,0,
2766,8/3/23 5:45,68.763,0,
2767,8/3/23 6:00,67.564,0,
2768,8/3/23 6:15,67.392,0,
2769,8/3/23 6:30,67.05,0,
2770,8/3/23 6:45,67.221,0,
2771,8/3/23 7:00,66.366,0,
2772,8/3/23 7:15,66.022,0,
2773,8/3/23 7:30,66.193,0,
2774,8/3/23 7:45,66.193,0,
2775,8/3/23 8:00,66.193,0,
2776,8/3/23 8:15,66.537,1,
2777,8/3/23 8:30,66.879,1,
2778,8/3/23 8:45,67.392,2,
2779,8/3/23 9:00,67.392,3,
2780,8/3/23 9:15,67.735,3,
2781,8/3/23 9:30,67.735,2,
2782,8/3/23 9:45,67.906,2,
2783,8/3/23 10:00,67.564,4,
2784,8/3/23 10:15,67.735,7,
2785,8/3/23 10:30,66.193,6,
2786,8/3/23 10:45,65.68,7,
2787,8/3/23 11:00,65.68,7,
2788,8/3/23 11:15,66.708,9,
2789,8/3/23 11:30,67.564,9,
2790,8/3/23 11:45,67.906,11,
2791,8/3/23 12:00,66.879,9,
2792,8/3/23 12:15,66.022,11,
2793,8/3/23 12:30,66.708,11,
2794,8/3/23 12:45,66.537,11,
2795,8/3/23 13:00,66.537,12,
2796,8/3/23 13:15,66.879,14,
2797,8/3/23 13:30,68.077,11,
2798,8/3/23 13:45,68.421,9,
2799,8/3/23 14:00,67.906,10,
2800,8/3/23 14:15,68.077,10,
2801,8/3/23 14:30,68.248,9,
2802,8/3/23 14:45,68.592,9,
2803,8/3/23 15:00,68.592,8,
2804,8/3/23 15:15,68.592,8,
2805,8/3/23 15:30,69.107,8,
2806,8/3/23 15:45,69.449,7,
2807,8/3/23 16:00,69.793,5,
2808,8/3/23 16:15,69.622,4,
2809,8/3/23 16:30,68.248,4,
2810,8/3/23 16:45,66.366,2,
2811,8/3/23 17:00,66.537,2,
2812,8/3/23 17:15,67.05,2,
2813,8/3/23 17:30,68.421,1,
2814,8/3/23 17:45,66.879,1,
2815,8/3/23 18:00,66.193,0,
2816,8/3/23 18:15,66.537,0,
2817,8/3/23 18:30,66.537,0,
2818,8/3/23 18:45,66.708,0,
2819,8/3/23 19:00,67.05,0,
2820,8/3/23 19:15,67.221,0,
2821,8/3/23 19:30,66.537,0,
2822,8/3/23 19:45,66.193,0,
2823,8/3/23 20:00,66.366,0,
2824,8/3/23 20:15,66.537,0,
2825,8/3/23 20:30,66.537,0,
2826,8/3/23 20:45,66.537,0,
2827,8/3/23 21:00,66.366,0,
2828,8/3/23 21:15,65.509,0,
2829,8/3/23 21:30,65.68,0,
2830,8/3/23 21:45,67.392,0,
2831,8/3/23 22:00,67.735,0,
2832,8/3/23 22:15,67.906,0,
2833,8/3/23 22:30,67.906,0,
2834,8/3/23 22:45,68.077,0,
2835,8/3/23 23:00,66.193,0,
2836,8/3/23 23:15,66.193,0,
2837,8/3/23 23:30,66.708,0,
2838,8/3/23 23:45,67.392,0,
2839,8/4/23 0:00,67.735,0,
2840,8/4/23 0:15,67.735,0,
2841,8/4/23 0:30,67.392,0,
2842,8/4/23 0:45,67.221,0,
2843,8/4/23 1:00,67.221,0,
2844,8/4/23 1:15,67.221,0,
2845,8/4/23 1:30,66.879,0,
2846,8/4/23 1:45,66.366,0,
2847,8/4/23 2:00,66.366,0,
2848,8/4/23 2:15,66.537,0,
2849,8/4/23 2:30,67.221,0,
2850,8/4/23 2:45,67.05,0,
2851,8/4/23 3:00,67.392,0,
2852,8/4/23 3:15,67.392,0,
2853,8/4/23 3:30,66.708,0,
2854,8/4/23 3:45,66.879,0,
2855,8/4/23 4:00,67.221,0,
2856,8/4/23 4:15,67.564,0,
2857,8/4/23 4:30,67.564,0,
2858,8/4/23 4:45,67.735,0,
2859,8/4/23 5:00,67.564,0,
2860,8/4/23 5:15,67.392,0,
2861,8/4/23 5:30,67.392,0,
2862,8/4/23 5:45,67.221,0,
2863,8/4/23 6:00,67.05,0,
2864,8/4/23 6:15,66.708,0,
2865,8/4/23 6:30,67.564,0,
2866,8/4/23 6:45,67.05,0,
2867,8/4/23 7:00,66.879,0,
2868,8/4/23 7:15,66.879,0,
2869,8/4/23 7:30,66.708,0,
2870,8/4/23 7:45,66.708,0,
2871,8/4/23 8:00,66.879,0,
2872,8/4/23 8:15,66.708,0,
2873,8/4/23 8:30,66.537,0,
2874,8/4/23 8:45,66.366,0,
2875,8/4/23 9:00,66.366,0,
2876,8/4/23 9:15,66.366,1,
2877,8/4/23 9:30,66.193,0,
2878,8/4/23 9:45,66.022,2,
2879,8/4/23 10:00,66.022,0,
2880,8/4/23 10:15,66.022,1,
2881,8/4/23 10:30,66.022,6,
2882,8/4/23 10:45,66.708,4,
2883,8/4/23 11:00,66.879,5,
2884,8/4/23 11:15,66.879,4,
2885,8/4/23 11:30,67.05,10,
2886,8/4/23 11:45,67.05,11,
2887,8/4/23 12:00,66.537,10,
2888,8/4/23 12:15,66.708,13,
2889,8/4/23 12:30,66.537,6,
2890,8/4/23 12:45,66.022,9,
2891,8/4/23 13:00,66.022,11,
2892,8/4/23 13:15,66.537,17,
2893,8/4/23 13:30,66.708,12,
2894,8/4/23 13:45,67.221,10,
2895,8/4/23 14:00,67.221,15,
2896,8/4/23 14:15,67.221,7,
2897,8/4/23 14:30,67.05,14,
2898,8/4/23 14:45,66.879,13,
2899,8/4/23 15:00,66.879,13,
2900,8/4/23 15:15,66.879,16,
2901,8/4/23 15:30,67.221,12,
2902,8/4/23 15:45,67.735,8,
2903,8/4/23 16:00,68.077,4,
2904,8/4/23 16:15,67.906,5,
2905,8/4/23 16:30,68.248,6,
2906,8/4/23 16:45,68.077,4,
2907,8/4/23 17:00,68.763,4,
2908,8/4/23 17:15,68.934,2,
2909,8/4/23 17:30,68.934,2,
2910,8/4/23 17:45,68.248,1,
2911,8/4/23 18:00,68.248,0,
2912,8/4/23 18:15,67.735,0,
2913,8/4/23 18:30,67.392,0,
2914,8/4/23 18:45,67.221,0,
2915,8/4/23 19:00,67.05,0,
2916,8/4/23 19:15,67.05,0,
2917,8/4/23 19:30,67.221,0,
2918,8/4/23 19:45,67.221,0,
2919,8/4/23 20:00,67.221,0,
2920,8/4/23 20:15,67.392,0,
2921,8/4/23 20:30,67.221,0,
2922,8/4/23 20:45,67.05,0,
2923,8/4/23 21:00,67.05,0,
2924,8/4/23 21:15,66.879,0,
2925,8/4/23 21:30,66.708,0,
2926,8/4/23 21:45,66.708,0,
2927,8/4/23 22:00,66.708,0,
2928,8/4/23 22:15,66.537,0,
2929,8/4/23 22:30,66.366,0,
2930,8/4/23 22:45,66.366,0,
2931,8/4/23 23:00,66.366,0,
2932,8/4/23 23:15,66.366,0,
2933,8/4/23 23:30,66.708,0,
2934,8/4/23 23:45,67.392,0,
2935,8/5/23 0:00,67.564,0,
2936,8/5/23 0:15,66.879,0,
2937,8/5/23 0:30,67.221,0,
2938,8/5/23 0:45,66.537,0,
2939,8/5/23 1:00,66.193,0,
2940,8/5/23 1:15,66.366,0,
2941,8/5/23 1:30,66.537,0,
2942,8/5/23 1:45,67.05,0,
2943,8/5/23 2:00,67.221,0,
2944,8/5/23 2:15,67.221,0,
2945,8/5/23 2:30,67.221,0,
2946,8/5/23 2:45,67.05,0,
2947,8/5/23 3:00,67.221,0,
2948,8/5/23 3:15,67.221,0,
2949,8/5/23 3:30,67.392,0,
2950,8/5/23 3:45,67.392,0,
2951,8/5/23 4:00,67.564,0,
2952,8/5/23 4:15,67.564,0,
2953,8/5/23 4:30,67.735,0,
2954,8/5/23 4:45,67.221,0,
2955,8/5/23 5:00,67.05,0,
2956,8/5/23 5:15,67.05,0,
2957,8/5/23 5:30,67.05,0,
2958,8/5/23 5:45,67.221,0,
2959,8/5/23 6:00,67.221,0,
2960,8/5/23 6:15,67.392,0,
2961,8/5/23 6:30,67.735,0,
2962,8/5/23 6:45,67.735,0,
2963,8/5/23 7:00,67.05,0,
2964,8/5/23 7:15,67.392,0,
2965,8/5/23 7:30,67.392,0,
2966,8/5/23 7:45,67.05,0,
2967,8/5/23 8:00,67.05,1,
2968,8/5/23 8:15,67.05,1,
2969,8/5/23 8:30,66.708,1,
2970,8/5/23 8:45,66.879,1,
2971,8/5/23 9:00,66.879,1,
2972,8/5/23 9:15,66.879,1,
2973,8/5/23 9:30,66.879,2,
2974,8/5/23 9:45,67.05,1,
2975,8/5/23 10:00,67.05,2,
2976,8/5/23 10:15,67.05,2,
2977,8/5/23 10:30,66.708,2,
2978,8/5/23 10:45,66.537,2,
2979,8/5/23 11:00,66.366,3,
2980,8/5/23 11:15,66.022,6,
2981,8/5/23 11:30,66.366,7,
2982,8/5/23 11:45,67.735,8,
2983,8/5/23 12:00,68.077,9,
2984,8/5/23 12:15,68.077,9,
2985,8/5/23 12:30,67.221,7,
2986,8/5/23 12:45,67.05,8,
2987,8/5/23 13:00,67.221,9,
2988,8/5/23 13:15,66.537,8,
2989,8/5/23 13:30,66.708,8,
2990,8/5/23 13:45,66.708,8,
2991,8/5/23 14:00,66.708,8,
2992,8/5/23 14:15,67.05,9,
2993,8/5/23 14:30,67.735,9,
2994,8/5/23 14:45,67.735,7,
2995,8/5/23 15:00,67.735,7,
2996,8/5/23 15:15,67.564,7,
2997,8/5/23 15:30,67.392,4,
2998,8/5/23 15:45,67.392,5,
2999,8/5/23 16:00,67.392,3,
3000,8/5/23 16:15,67.392,2,
3001,8/5/23 16:30,68.077,2,
3002,8/5/23 16:45,68.592,3,
3003,8/5/23 17:00,68.763,3,
3004,8/5/23 17:15,67.564,2,
3005,8/5/23 17:30,67.906,1,
3006,8/5/23 17:45,69.107,1,
3007,8/5/23 18:00,69.449,1,
3008,8/5/23 18:15,69.107,0,
3009,8/5/23 18:30,67.564,0,
3010,8/5/23 18:45,67.564,0,
3011,8/5/23 19:00,67.564,0,
3012,8/5/23 19:15,68.763,0,
3013,8/5/23 19:30,67.906,0,
3014,8/5/23 19:45,68.077,0,
3015,8/5/23 20:00,67.735,0,
3016,8/5/23 20:15,67.564,0,
3017,8/5/23 20:30,67.564,0,
3018,8/5/23 20:45,67.564,0,
3019,8/5/23 21:00,67.564,0,
3020,8/5/23 21:15,67.564,0,
3021,8/5/23 21:30,67.564,0,
3022,8/5/23 21:45,67.392,0,
3023,8/5/23 22:00,67.392,0,
3024,8/5/23 22:15,67.564,0,
3025,8/5/23 22:30,67.564,0,
3026,8/5/23 22:45,67.05,0,
3027,8/5/23 23:00,66.879,0,
3028,8/5/23 23:15,66.708,0,
3029,8/5/23 23:30,66.537,0,
3030,8/5/23 23:45,66.366,0,
3031,8/6/23 0:00,66.366,0,
3032,8/6/23 0:15,66.879,0,
3033,8/6/23 0:30,67.564,0,
3034,8/6/23 0:45,68.077,0,
3035,8/6/23 1:00,68.592,0,
3036,8/6/23 1:15,67.221,0,
3037,8/6/23 1:30,67.564,0,
3038,8/6/23 1:45,67.05,0,
3039,8/6/23 2:00,67.221,0,
3040,8/6/23 2:15,67.221,0,
3041,8/6/23 2:30,67.392,0,
3042,8/6/23 2:45,68.077,0,
3043,8/6/23 3:00,68.077,0,
3044,8/6/23 3:15,67.564,0,
3045,8/6/23 3:30,67.05,0,
3046,8/6/23 3:45,67.05,0,
3047,8/6/23 4:00,67.564,0,
3048,8/6/23 4:15,67.906,0,
3049,8/6/23 4:30,68.077,0,
3050,8/6/23 4:45,68.421,0,
3051,8/6/23 5:00,68.592,0,
3052,8/6/23 5:15,68.592,0,
3053,8/6/23 5:30,68.592,0,
3054,8/6/23 5:45,68.763,0,
3055,8/6/23 6:00,68.592,0,
3056,8/6/23 6:15,68.763,0,
3057,8/6/23 6:30,68.934,0,
3058,8/6/23 6:45,67.564,0,
3059,8/6/23 7:00,67.221,0,
3060,8/6/23 7:15,67.221,0,
3061,8/6/23 7:30,67.564,0,
3062,8/6/23 7:45,68.077,0,
3063,8/6/23 8:00,67.564,1,
3064,8/6/23 8:15,67.735,2,
3065,8/6/23 8:30,68.592,2,
3066,8/6/23 8:45,68.934,3,
3067,8/6/23 9:00,66.879,2,
3068,8/6/23 9:15,66.708,3,
3069,8/6/23 9:30,66.708,4,
3070,8/6/23 9:45,67.05,4,
3071,8/6/23 10:00,67.221,4,
3072,8/6/23 10:15,67.221,5,
3073,8/6/23 10:30,67.05,4,
3074,8/6/23 10:45,66.879,4,
3075,8/6/23 11:00,67.05,5,
3076,8/6/23 11:15,67.05,6,
3077,8/6/23 11:30,67.221,7,
3078,8/6/23 11:45,67.392,8,
3079,8/6/23 12:00,67.392,8,
3080,8/6/23 12:15,67.564,8,
3081,8/6/23 12:30,67.564,6,
3082,8/6/23 12:45,67.735,9,
3083,8/6/23 13:00,67.735,9,
3084,8/6/23 13:15,67.392,9,
3085,8/6/23 13:30,67.564,10,
3086,8/6/23 13:45,68.077,11,
3087,8/6/23 14:00,68.077,11,
3088,8/6/23 14:15,68.248,11,
3089,8/6/23 14:30,68.421,9,
3090,8/6/23 14:45,67.564,8,
3091,8/6/23 15:00,68.934,9,
3092,8/6/23 15:15,68.421,9,
3093,8/6/23 15:30,67.564,8,
3094,8/6/23 15:45,68.421,8,
3095,8/6/23 16:00,68.592,7,
3096,8/6/23 16:15,68.077,6,
3097,8/6/23 16:30,68.248,5,
3098,8/6/23 16:45,69.449,5,
3099,8/6/23 17:00,69.449,4,
3100,8/6/23 17:15,69.449,4,
3101,8/6/23 17:30,69.622,3,
3102,8/6/23 17:45,69.793,2,
3103,8/6/23 18:00,69.964,2,
3104,8/6/23 18:15,69.449,1,
3105,8/6/23 18:30,67.735,0,
3106,8/6/23 18:45,67.564,0,
3107,8/6/23 19:00,67.564,0,
3108,8/6/23 19:15,67.735,0,
3109,8/6/23 19:30,67.906,0,
3110,8/6/23 19:45,67.906,0,
3111,8/6/23 20:00,68.077,0,
3112,8/6/23 20:15,68.421,0,
3113,8/6/23 20:30,68.077,0,
3114,8/6/23 20:45,68.077,0,
3115,8/6/23 21:00,68.077,0,
3116,8/6/23 21:15,68.763,0,
3117,8/6/23 21:30,68.421,0,
3118,8/6/23 21:45,68.248,0,
3119,8/6/23 22:00,68.248,0,
3120,8/6/23 22:15,68.077,0,
3121,8/6/23 22:30,68.248,0,
3122,8/6/23 22:45,68.421,0,
3123,8/6/23 23:00,68.421,0,
3124,8/6/23 23:15,68.421,0,
3125,8/6/23 23:30,68.592,0,
3126,8/6/23 23:45,68.934,0,
3127,8/7/23 0:00,68.934,0,
3128,8/7/23 0:15,69.107,0,
3129,8/7/23 0:30,69.622,0,
3130,8/7/23 0:45,69.278,0,
3131,8/7/23 1:00,69.278,0,
3132,8/7/23 1:15,69.449,0,
3133,8/7/23 1:30,67.564,0,
3134,8/7/23 1:45,67.392,0,
3135,8/7/23 2:00,67.564,0,
3136,8/7/23 2:15,68.077,0,
3137,8/7/23 2:30,68.421,0,
3138,8/7/23 2:45,68.934,0,
3139,8/7/23 3:00,68.934,0,
3140,8/7/23 3:15,68.934,0,
3141,8/7/23 3:30,68.421,0,
3142,8/7/23 3:45,68.763,0,
3143,8/7/23 4:00,68.421,0,
3144,8/7/23 4:15,68.248,0,
3145,8/7/23 4:30,68.077,0,
3146,8/7/23 4:45,68.592,0,
3147,8/7/23 5:00,68.934,0,
3148,8/7/23 5:15,68.934,0,
3149,8/7/23 5:30,68.934,0,
3150,8/7/23 5:45,68.934,0,
3151,8/7/23 6:00,69.107,0,
3152,8/7/23 6:15,68.934,0,
3153,8/7/23 6:30,68.934,0,
3154,8/7/23 6:45,68.592,0,
3155,8/7/23 7:00,68.592,0,
3156,8/7/23 7:15,67.735,0,
3157,8/7/23 7:30,67.392,0,
3158,8/7/23 7:45,67.564,0,
3159,8/7/23 8:00,67.564,0,
3160,8/7/23 8:15,67.564,0,
3161,8/7/23 8:30,67.735,0,
3162,8/7/23 8:45,68.077,0,
3163,8/7/23 9:00,67.906,0,
3164,8/7/23 9:15,67.392,1,
3165,8/7/23 9:30,67.221,2,
3166,8/7/23 9:45,67.221,2,
3167,8/7/23 10:00,67.735,3,
3168,8/7/23 10:15,69.107,2,
3169,8/7/23 10:30,68.763,1,
3170,8/7/23 10:45,68.763,2,
3171,8/7/23 11:00,68.248,2,
3172,8/7/23 11:15,67.735,1,
3173,8/7/23 11:30,67.564,1,
3174,8/7/23 11:45,67.564,1,
3175,8/7/23 12:00,67.906,0,
3176,8/7/23 12:15,67.906,1,
3177,8/7/23 12:30,67.906,1,
3178,8/7/23 12:45,68.248,1,
3179,8/7/23 13:00,68.248,1,
3180,8/7/23 13:15,68.421,1,
3181,8/7/23 13:30,68.592,1,
3182,8/7/23 13:45,68.077,1,
3183,8/7/23 14:00,66.879,2,
3184,8/7/23 14:15,67.906,2,
3185,8/7/23 14:30,68.592,2,
3186,8/7/23 14:45,67.906,2,
3187,8/7/23 15:00,67.906,2,
3188,8/7/23 15:15,68.077,5,
3189,8/7/23 15:30,67.05,4,
3190,8/7/23 15:45,67.05,4,
3191,8/7/23 16:00,67.221,4,
3192,8/7/23 16:15,69.107,4,
3193,8/7/23 16:30,68.077,2,
3194,8/7/23 16:45,67.392,7,
3195,8/7/23 17:00,67.392,2,
3196,8/7/23 17:15,68.248,4,
3197,8/7/23 17:30,68.248,5,
3198,8/7/23 17:45,68.763,1,
3199,8/7/23 18:00,69.107,1,
3200,8/7/23 18:15,69.278,1,
3201,8/7/23 18:30,69.449,1,
3202,8/7/23 18:45,69.107,1,
3203,8/7/23 19:00,68.934,0,
3204,8/7/23 19:15,69.449,0,
3205,8/7/23 19:30,69.622,0,
3206,8/7/23 19:45,69.107,0,
3207,8/7/23 20:00,68.421,0,
3208,8/7/23 20:15,67.735,0,
3209,8/7/23 20:30,67.735,0,
3210,8/7/23 20:45,67.735,0,
3211,8/7/23 21:00,67.906,0,
3212,8/7/23 21:15,67.906,0,
3213,8/7/23 21:30,68.248,0,
3214,8/7/23 21:45,69.107,0,
3215,8/7/23 22:00,69.278,0,
3216,8/7/23 22:15,69.278,0,
3217,8/7/23 22:30,68.763,0,
3218,8/7/23 22:45,68.592,0,
3219,8/7/23 23:00,68.592,0,
3220,8/7/23 23:15,68.077,0,
3221,8/7/23 23:30,68.592,0,
3222,8/7/23 23:45,68.592,0,
3223,8/8/23 0:00,68.592,0,
3224,8/8/23 0:15,68.763,0,
3225,8/8/23 0:30,68.763,0,
3226,8/8/23 0:45,68.763,0,
3227,8/8/23 1:00,68.934,0,
3228,8/8/23 1:15,68.934,0,
3229,8/8/23 1:30,68.934,0,
3230,8/8/23 1:45,69.107,0,
3231,8/8/23 2:00,69.449,0,
3232,8/8/23 2:15,69.793,0,
3233,8/8/23 2:30,70.137,0,
3234,8/8/23 2:45,69.793,0,
3235,8/8/23 3:00,69.964,0,
3236,8/8/23 3:15,69.964,0,
3237,8/8/23 3:30,70.137,0,
3238,8/8/23 3:45,69.964,0,
3239,8/8/23 4:00,68.934,0,
3240,8/8/23 4:15,68.077,0,
3241,8/8/23 4:30,68.077,0,
3242,8/8/23 4:45,69.107,0,
3243,8/8/23 5:00,69.107,0,
3244,8/8/23 5:15,69.449,0,
3245,8/8/23 5:30,69.622,0,
3246,8/8/23 5:45,68.934,0,
3247,8/8/23 6:00,69.107,0,
3248,8/8/23 6:15,69.449,0,
3249,8/8/23 6:30,69.793,0,
3250,8/8/23 6:45,69.622,0,
3251,8/8/23 7:00,69.278,0,
3252,8/8/23 7:15,68.763,1,
3253,8/8/23 7:30,68.934,0,
3254,8/8/23 7:45,69.107,0,
3255,8/8/23 8:00,68.763,1,
3256,8/8/23 8:15,68.592,2,
3257,8/8/23 8:30,68.934,2,
3258,8/8/23 8:45,68.934,0,
3259,8/8/23 9:00,68.934,0,
3260,8/8/23 9:15,69.107,0,
3261,8/8/23 9:30,68.934,0,
3262,8/8/23 9:45,69.107,0,
3263,8/8/23 10:00,68.592,0,
3264,8/8/23 10:15,67.564,0,
3265,8/8/23 10:30,68.421,0,
3266,8/8/23 10:45,69.449,1,
3267,8/8/23 11:00,69.622,6,
3268,8/8/23 11:15,69.449,9,
3269,8/8/23 11:30,69.278,9,
3270,8/8/23 11:45,69.278,2,
3271,8/8/23 12:00,69.107,1,
3272,8/8/23 12:15,69.107,12,
3273,8/8/23 12:30,69.278,5,
3274,8/8/23 12:45,69.278,11,
3275,8/8/23 13:00,69.278,10,
3276,8/8/23 13:15,69.107,10,
3277,8/8/23 13:30,69.107,5,
3278,8/8/23 13:45,69.278,10,
3279,8/8/23 14:00,70.137,7,
3280,8/8/23 14:15,70.137,10,
3281,8/8/23 14:30,69.964,4,
3282,8/8/23 14:45,69.278,9,
3283,8/8/23 15:00,69.449,7,
3284,8/8/23 15:15,69.964,9,
3285,8/8/23 15:30,70.137,5,
3286,8/8/23 15:45,69.793,7,
3287,8/8/23 16:00,69.107,2,
3288,8/8/23 16:15,68.934,1,
3289,8/8/23 16:30,69.278,1,
3290,8/8/23 16:45,70.651,6,
3291,8/8/23 17:00,69.964,1,
3292,8/8/23 17:15,69.793,0,
3293,8/8/23 17:30,69.107,0,
3294,8/8/23 17:45,69.278,0,
3295,8/8/23 18:00,69.278,0,
3296,8/8/23 18:15,69.622,0,
3297,8/8/23 18:30,70.137,0,
3298,8/8/23 18:45,70.137,0,
3299,8/8/23 19:00,70.137,0,
3300,8/8/23 19:15,69.964,0,
3301,8/8/23 19:30,69.793,0,
3302,8/8/23 19:45,69.449,0,
3303,8/8/23 20:00,69.622,0,
3304,8/8/23 20:15,69.622,0,
3305,8/8/23 20:30,69.622,0,
3306,8/8/23 20:45,69.793,0,
3307,8/8/23 21:00,69.793,0,
3308,8/8/23 21:15,69.964,0,
3309,8/8/23 21:30,69.964,0,
3310,8/8/23 21:45,69.964,0,
3311,8/8/23 22:00,69.964,0,
3312,8/8/23 22:15,68.934,0,
3313,8/8/23 22:30,68.421,0,
3314,8/8/23 22:45,68.421,0,
3315,8/8/23 23:00,68.592,0,
3316,8/8/23 23:15,69.278,0,
3317,8/8/23 23:30,69.107,0,
3318,8/8/23 23:45,68.763,0,
3319,8/9/23 0:00,69.278,0,
3320,8/9/23 0:15,69.278,0,
3321,8/9/23 0:30,69.449,0,
3322,8/9/23 0:45,69.622,0,
3323,8/9/23 1:00,69.622,0,
3324,8/9/23 1:15,69.622,0,
3325,8/9/23 1:30,69.622,0,
3326,8/9/23 1:45,69.622,0,
3327,8/9/23 2:00,69.622,0,
3328,8/9/23 2:15,69.622,0,
3329,8/9/23 2:30,69.622,0,
3330,8/9/23 2:45,69.793,0,
3331,8/9/23 3:00,69.622,0,
3332,8/9/23 3:15,69.278,0,
3333,8/9/23 3:30,69.107,0,
3334,8/9/23 3:45,69.107,0,
3335,8/9/23 4:00,69.622,0,
3336,8/9/23 4:15,69.622,0,
3337,8/9/23 4:30,69.622,0,
3338,8/9/23 4:45,69.449,0,
3339,8/9/23 5:00,69.449,0,
3340,8/9/23 5:15,69.278,0,
3341,8/9/23 5:30,69.449,0,
3342,8/9/23 5:45,69.449,0,
3343,8/9/23 6:00,69.449,0,
3344,8/9/23 6:15,69.278,0,
3345,8/9/23 6:30,69.449,0,
3346,8/9/23 6:45,69.449,0,
3347,8/9/23 7:00,69.278,0,
3348,8/9/23 7:15,69.278,0,
3349,8/9/23 7:30,69.449,1,
3350,8/9/23 7:45,69.449,2,
3351,8/9/23 8:00,69.449,4,
3352,8/9/23 8:15,69.622,6,
3353,8/9/23 8:30,69.622,7,
3354,8/9/23 8:45,69.622,10,
3355,8/9/23 9:00,69.107,3,
3356,8/9/23 9:15,68.763,10,Logged