,datetime,temp.a,light.a,temp.b,light.b,temp.c,light.c
13,6/20/23 11:00,63.797,168,63.626,39,63.282,23
14,6/20/23 11:15,63.968,152,63.968,40,63.282,17
15,6/20/23 11:30,63.797,124,63.626,34,63.111,15
16,6/20/23 11:45,63.797,160,63.626,45,62.254,19
17,6/20/23 12:00,63.282,192,63.111,54,62.425,25
18,6/20/23 12:15,62.94,136,62.769,39,62.425,17
19,6/20/23 12:30,62.769,160,62.769,46,61.054,18
20,6/20/23 12:45,62.598,176,62.425,52,62.083,23
21,6/20/23 13:00,62.94,192,62.598,57,63.282,23
22,6/20/23 13:15,63.968,192,63.455,57,62.254,18
23,6/20/23 13:30,64.139,192,63.968,57,62.083,17
24,6/20/23 13:45,63.797,216,63.626,66,62.94,23
25,6/20/23 14:00,63.626,208,63.282,67,62.769,25
26,6/20/23 14:15,63.455,184,63.282,57,62.94,25
27,6/20/23 14:30,63.626,216,63.626,72,63.111,30
28,6/20/23 14:45,64.481,160,64.139,49,63.626,21
29,6/20/23 15:00,64.825,216,64.652,69,63.968,28
30,6/20/23 15:15,64.825,152,64.652,49,63.111,15
31,6/20/23 15:30,64.481,160,64.31,52,63.282,21
32,6/20/23 15:45,64.31,128,64.31,44,63.455,14
33,6/20/23 16:00,64.652,65,64.652,20,63.797,8
34,6/20/23 16:15,64.996,48,64.996,14,63.455,5
35,6/20/23 16:30,64.481,61,64.481,19,62.769,6
36,6/20/23 16:45,64.31,73,64.31,23,61.912,4
37,6/20/23 17:00,62.769,46,62.598,15,62.083,5
38,6/20/23 17:15,62.254,34,62.254,11,62.254,4
39,6/20/23 17:30,62.254,33,62.254,10,62.254,5
40,6/20/23 17:45,62.425,30,62.254,10,62.598,4
41,6/20/23 18:00,62.769,29,62.598,10,63.111,6
42,6/20/23 18:15,63.111,29,62.94,10,63.282,3
43,6/20/23 18:30,63.797,8,63.626,2,63.968,0
44,6/20/23 18:45,63.797,6,63.626,1,63.968,0
45,6/20/23 19:00,63.797,6,63.797,1,64.481,1
46,6/20/23 19:15,63.968,4,63.797,1,64.31,0
47,6/20/23 19:30,63.968,2,63.968,0,64.481,0
48,6/20/23 19:45,64.139,1,64.139,0,64.31,0
49,6/20/23 20:00,64.31,0,64.31,0,64.139,0
50,6/20/23 20:15,64.31,0,64.31,0,64.139,0
51,6/20/23 20:30,64.481,0,64.31,0,64.139,0
52,6/20/23 20:45,64.481,0,64.31,0,64.139,0
53,6/20/23 21:00,64.31,0,64.31,0,63.626,0
54,6/20/23 21:15,64.31,0,64.139,0,63.626,0
55,6/20/23 21:30,63.797,0,63.797,0,63.626,0
56,6/20/23 21:45,63.797,0,63.797,0,63.626,0
57,6/20/23 22:00,63.797,0,63.626,0,63.626,0
58,6/20/23 22:15,63.797,0,63.626,0,63.797,0
59,6/20/23 22:30,63.797,0,63.797,0,63.797,0
60,6/20/23 22:45,63.797,0,63.797,0,63.797,0
61,6/20/23 23:00,63.797,0,63.797,0,63.455,0
62,6/20/23 23:15,63.626,0,63.626,0,63.282,0
63,6/20/23 23:30,63.626,0,63.626,0,63.455,0
64,6/20/23 23:45,63.626,0,63.626,0,63.455,0
65,6/21/23 0:00,63.626,0,63.626,0,63.282,0
66,6/21/23 0:15,63.455,0,63.455,0,63.626,0
67,6/21/23 0:30,63.626,0,63.626,0,63.797,0
68,6/21/23 0:45,63.797,0,63.797,0,63.455,0
69,6/21/23 1:00,63.797,0,63.797,0,63.455,0
70,6/21/23 1:15,63.797,0,63.797,0,63.626,0
71,6/21/23 1:30,63.968,0,63.797,0,63.626,0
72,6/21/23 1:45,63.968,0,63.797,0,63.455,0
73,6/21/23 2:00,63.968,0,63.797,0,63.455,0
74,6/21/23 2:15,63.968,0,63.797,0,63.282,0
75,6/21/23 2:30,63.797,0,63.626,0,63.455,0
76,6/21/23 2:45,63.797,0,63.626,0,63.626,0
77,6/21/23 3:00,63.797,0,63.797,0,63.626,0
78,6/21/23 3:15,63.797,0,63.626,0,63.626,0
79,6/21/23 3:30,63.797,0,63.626,0,63.626,0
80,6/21/23 3:45,63.797,0,63.797,0,63.626,0
81,6/21/23 4:00,63.797,0,63.797,0,62.769,0
82,6/21/23 4:15,63.797,0,63.797,0,63.626,0
83,6/21/23 4:30,63.797,0,63.797,0,63.111,0
84,6/21/23 4:45,63.797,0,63.797,0,62.94,0
85,6/21/23 5:00,63.797,0,63.626,0,63.455,0
86,6/21/23 5:15,63.797,0,63.797,0,63.282,0
87,6/21/23 5:30,63.797,1,63.626,0,63.282,0
88,6/21/23 5:45,63.455,2,63.455,0,62.598,0
89,6/21/23 6:00,63.111,2,62.94,0,62.598,0
90,6/21/23 6:15,63.111,4,62.94,1,62.598,0
91,6/21/23 6:30,62.94,4,62.769,1,62.425,0
92,6/21/23 6:45,62.769,6,62.598,2,62.94,2
93,6/21/23 7:00,62.598,8,62.598,3,62.598,1
94,6/21/23 7:15,62.769,13,62.769,4,62.598,4
95,6/21/23 7:30,63.111,19,62.94,7,62.083,4
96,6/21/23 7:45,63.282,24,63.111,8,62.254,7
97,6/21/23 8:00,63.282,29,63.111,11,63.111,8
98,6/21/23 8:15,63.455,29,63.282,11,63.111,10
99,6/21/23 8:30,63.626,29,63.455,11,62.598,5
100,6/21/23 8:45,63.455,34,63.282,12,61.569,1
101,6/21/23 9:00,62.769,24,62.598,9,61.741,2
102,6/21/23 9:15,62.254,27,62.083,10,61.912,4
103,6/21/23 9:30,62.425,32,62.254,12,62.769,10
104,6/21/23 9:45,62.425,41,62.425,15,63.111,14
105,6/21/23 10:00,62.598,46,62.425,17,62.94,14
106,6/21/23 10:15,62.94,20,62.769,10,62.94,20
107,6/21/23 10:30,62.94,41,62.769,18,63.111,11
108,6/21/23 10:45,63.111,39,62.94,17,63.111,11
109,6/21/23 11:00,63.111,55,63.111,24,63.282,31
110,6/21/23 11:15,63.111,56,63.111,25,63.282,19
111,6/21/23 11:30,63.111,65,63.111,29,63.111,32
112,6/21/23 11:45,63.282,20,63.111,9,63.111,9
113,6/21/23 12:00,63.282,23,63.282,11,62.94,9
114,6/21/23 12:15,63.282,59,63.282,29,63.111,28
115,6/21/23 12:30,63.282,64,63.282,32,63.111,33
116,6/21/23 12:45,63.455,67,63.282,33,62.94,23
117,6/21/23 13:00,63.626,47,63.455,24,62.769,7
118,6/21/23 13:15,63.455,56,63.282,29,62.94,5
119,6/21/23 13:30,63.455,71,63.455,37,63.111,18
120,6/21/23 13:45,63.626,72,63.455,39,62.598,11
121,6/21/23 14:00,63.626,105,63.455,38,62.94,16
122,6/21/23 14:15,64.31,152,64.139,64,62.598,14
123,6/21/23 14:30,63.968,144,63.797,65,62.769,11
124,6/21/23 14:45,64.139,144,63.968,64,62.94,15
125,6/21/23 15:00,64.139,144,63.968,63,63.455,12
126,6/21/23 15:15,64.652,122,64.652,55,63.111,16
127,6/21/23 15:30,64.825,110,64.652,49,63.455,15
128,6/21/23 15:45,64.652,102,64.481,48,63.968,12
129,6/21/23 16:00,64.652,98,64.481,45,63.626,10
130,6/21/23 16:15,64.652,80,64.481,38,64.139,8
131,6/21/23 16:30,64.825,71,64.652,34,62.769,7
132,6/21/23 16:45,64.652,59,64.31,29,63.797,6
133,6/21/23 17:00,64.652,58,64.481,28,63.968,6
134,6/21/23 17:15,64.996,48,64.652,23,63.282,2
135,6/21/23 17:30,64.31,32,64.31,15,63.111,1
136,6/21/23 17:45,63.968,21,63.797,9,63.111,2
137,6/21/23 18:00,63.626,17,63.626,8,62.94,0
138,6/21/23 18:15,63.455,14,63.455,4,62.94,1
139,6/21/23 18:30,63.455,9,63.282,4,63.455,1
140,6/21/23 18:45,63.282,8,63.282,3,63.626,0
141,6/21/23 19:00,63.797,4,63.626,1,63.626,0
142,6/21/23 19:15,63.626,2,63.626,1,63.968,2
143,6/21/23 19:30,63.797,2,63.797,1,63.968,1
144,6/21/23 19:45,63.968,2,63.968,0,62.425,0
145,6/21/23 20:00,63.968,1,63.968,0,63.968,0
146,6/21/23 20:15,63.968,0,63.968,0,64.139,0
147,6/21/23 20:30,63.968,0,63.968,0,63.968,0
148,6/21/23 20:45,63.968,0,63.968,0,63.626,0
149,6/21/23 21:00,63.968,0,63.968,0,63.797,0
150,6/21/23 21:15,63.968,0,63.968,0,63.626,0
151,6/21/23 21:30,63.968,0,63.968,0,63.626,0
152,6/21/23 21:45,63.968,0,63.968,0,63.626,0
153,6/21/23 22:00,63.797,0,63.797,0,63.797,0
154,6/21/23 22:15,63.797,0,63.797,0,63.968,0
155,6/21/23 22:30,63.968,0,63.797,0,63.968,0
156,6/21/23 22:45,63.797,0,63.797,0,63.968,0
157,6/21/23 23:00,63.968,0,63.797,0,63.797,0
158,6/21/23 23:15,63.968,0,63.797,0,63.968,0
159,6/21/23 23:30,63.968,0,63.968,0,63.797,0
160,6/21/23 23:45,63.968,0,63.968,0,63.797,0
161,6/22/23 0:00,63.968,0,63.968,0,63.797,0
162,6/22/23 0:15,63.968,0,63.968,0,63.455,0
163,6/22/23 0:30,64.139,0,63.968,0,63.626,0
164,6/22/23 0:45,63.797,0,63.797,0,63.455,0
165,6/22/23 1:00,63.797,0,63.626,0,63.455,0
166,6/22/23 1:15,63.797,0,63.797,0,63.455,0
167,6/22/23 1:30,63.797,0,63.626,0,63.455,0
168,6/22/23 1:45,63.797,0,63.626,0,63.455,0
169,6/22/23 2:00,63.626,0,63.626,0,63.626,0
170,6/22/23 2:15,63.626,0,63.626,0,63.797,0
171,6/22/23 2:30,63.968,0,63.968,0,63.626,0
172,6/22/23 2:45,63.968,0,63.797,0,62.94,0
173,6/22/23 3:00,63.968,0,63.968,0,63.111,0
174,6/22/23 3:15,63.968,0,63.968,0,63.282,0
175,6/22/23 3:30,63.797,0,63.797,0,63.797,0
176,6/22/23 3:45,63.968,0,63.797,0,63.797,0
177,6/22/23 4:00,63.968,0,63.968,0,63.797,0
178,6/22/23 4:15,63.968,0,63.968,0,63.111,0
179,6/22/23 4:30,63.968,0,63.968,0,63.455,0
180,6/22/23 4:45,63.968,0,63.968,0,63.455,0
181,6/22/23 5:00,63.968,0,63.968,0,63.626,0
182,6/22/23 5:15,63.797,0,63.797,0,63.626,0
183,6/22/23 5:30,63.797,0,63.797,0,63.626,0
184,6/22/23 5:45,63.797,0,63.797,0,63.455,0
185,6/22/23 6:00,63.797,1,63.797,0,62.94,0
186,6/22/23 6:15,63.626,2,63.626,1,62.94,0
187,6/22/23 6:30,63.282,3,63.111,1,62.94,0
188,6/22/23 6:45,63.111,4,63.111,1,62.94,0
189,6/22/23 7:00,63.111,6,63.111,2,63.111,1
190,6/22/23 7:15,63.282,9,63.111,3,63.111,1
191,6/22/23 7:30,63.282,7,63.282,5,63.455,5
192,6/22/23 7:45,63.626,16,63.626,6,63.797,4
193,6/22/23 8:00,63.626,12,63.455,4,63.111,2
194,6/22/23 8:15,63.797,14,63.626,4,63.111,2
195,6/22/23 8:30,63.797,18,63.797,6,62.94,1
196,6/22/23 8:45,63.282,13,63.111,4,62.769,3
197,6/22/23 9:00,63.111,12,62.94,4,62.769,3
198,6/22/23 9:15,63.282,22,63.111,8,62.769,4
199,6/22/23 9:30,63.626,27,63.626,9,62.769,4
200,6/22/23 9:45,63.797,34,63.626,12,62.769,7
201,6/22/23 10:00,63.797,44,63.626,16,62.94,8
202,6/22/23 10:15,63.282,32,63.282,12,62.94,7
203,6/22/23 10:30,63.282,32,63.282,12,63.111,8
204,6/22/23 10:45,63.111,27,63.111,10,63.111,2
205,6/22/23 11:00,63.282,17,63.111,6,63.111,2
206,6/22/23 11:15,63.282,20,63.111,7,63.282,6
207,6/22/23 11:30,63.282,19,63.282,7,63.282,7
208,6/22/23 11:45,63.282,26,63.282,10,63.455,10
209,6/22/23 12:00,63.455,29,63.282,11,63.282,10
210,6/22/23 12:15,63.455,40,63.455,16,63.282,10
211,6/22/23 12:30,63.455,27,63.455,11,63.282,7
212,6/22/23 12:45,63.455,45,63.455,17,63.282,11
213,6/22/23 13:00,63.626,23,63.455,9,63.455,6
214,6/22/23 13:15,63.968,25,63.797,9,63.455,7
215,6/22/23 13:30,63.968,25,63.797,10,63.111,5
216,6/22/23 13:45,63.797,46,63.797,18,63.111,8
217,6/22/23 14:00,63.968,54,63.797,22,62.94,11
218,6/22/23 14:15,63.455,38,63.282,16,62.94,12
219,6/22/23 14:30,63.626,37,63.455,15,63.111,9
220,6/22/23 14:45,63.797,32,63.626,13,62.769,8
221,6/22/23 15:00,63.626,23,63.626,9,63.455,6
222,6/22/23 15:15,63.797,20,63.626,8,63.282,5
223,6/22/23 15:30,63.797,25,63.626,10,63.282,6
224,6/22/23 15:45,63.797,19,63.797,8,63.455,6
225,6/22/23 16:00,64.139,21,63.968,8,63.282,3
226,6/22/23 16:15,63.797,18,63.626,7,63.282,3
227,6/22/23 16:30,63.455,19,63.455,8,63.282,4
228,6/22/23 16:45,63.626,19,63.455,8,63.282,5
229,6/22/23 17:00,63.797,16,63.797,7,63.455,5
230,6/22/23 17:15,64.825,13,64.652,5,64.31,3
231,6/22/23 17:30,64.825,11,64.652,4,64.139,2
232,6/22/23 17:45,64.825,14,64.825,5,63.626,2
233,6/22/23 18:00,64.139,10,64.139,4,63.626,2
234,6/22/23 18:15,63.797,6,63.797,2,63.626,1
235,6/22/23 18:30,63.797,3,63.797,1,63.626,0
236,6/22/23 18:45,63.797,2,63.797,0,63.626,0
237,6/22/23 19:00,63.797,1,63.797,0,63.626,0
238,6/22/23 19:15,63.797,0,63.626,0,63.626,0
239,6/22/23 19:30,63.797,0,63.626,0,63.455,0
240,6/22/23 19:45,63.797,0,63.797,0,63.455,0
241,6/22/23 20:00,63.797,0,63.626,0,63.455,0
242,6/22/23 20:15,63.626,0,63.626,0,63.111,0
243,6/22/23 20:30,63.626,0,63.455,0,63.111,0
244,6/22/23 20:45,63.455,0,63.455,0,63.111,0
245,6/22/23 21:00,63.282,0,63.282,0,63.111,0
246,6/22/23 21:15,63.455,0,63.455,0,63.111,0
247,6/22/23 21:30,63.455,0,63.282,0,63.282,0
248,6/22/23 21:45,63.455,0,63.282,0,63.282,0
249,6/22/23 22:00,63.626,0,63.455,0,63.626,0
250,6/22/23 22:15,64.139,0,63.968,0,63.455,0
251,6/22/23 22:30,64.139,0,64.139,0,63.626,0
252,6/22/23 22:45,64.31,0,64.139,0,63.282,0
253,6/22/23 23:00,63.626,0,63.626,0,63.455,0
254,6/22/23 23:15,63.455,0,63.455,0,63.455,0
255,6/22/23 23:30,63.626,0,63.455,0,63.455,0
256,6/22/23 23:45,63.626,0,63.455,0,63.626,0
257,6/23/23 0:00,63.626,0,63.455,0,63.626,0
258,6/23/23 0:15,63.626,0,63.455,0,63.626,0
259,6/23/23 0:30,63.626,0,63.626,0,63.626,0
260,6/23/23 0:45,63.626,0,63.626,0,63.455,0
261,6/23/23 1:00,63.626,0,63.626,0,63.455,0
262,6/23/23 1:15,63.797,0,63.626,0,63.626,0
263,6/23/23 1:30,63.797,0,63.797,0,63.626,0
264,6/23/23 1:45,63.797,0,63.626,0,63.626,0
265,6/23/23 2:00,63.797,0,63.797,0,63.626,0
266,6/23/23 2:15,63.797,0,63.797,0,63.626,0
267,6/23/23 2:30,63.797,0,63.797,0,63.111,0
268,6/23/23 2:45,63.797,0,63.626,0,63.111,0
269,6/23/23 3:00,63.797,0,63.626,0,63.282,0
270,6/23/23 3:15,63.797,0,63.797,0,63.626,0
271,6/23/23 3:30,63.968,0,63.797,0,63.797,0
272,6/23/23 3:45,63.968,0,63.797,0,63.797,0
273,6/23/23 4:00,63.968,0,63.968,0,63.282,0
274,6/23/23 4:15,63.968,0,63.968,0,63.626,0
275,6/23/23 4:30,63.968,0,63.968,0,63.797,0
276,6/23/23 4:45,63.968,0,63.968,0,63.797,0
277,6/23/23 5:00,63.968,0,63.968,0,63.626,0
278,6/23/23 5:15,63.968,0,63.968,0,64.139,0
279,6/23/23 5:30,64.139,0,63.968,0,64.31,0
280,6/23/23 5:45,64.139,0,63.968,0,64.31,0
281,6/23/23 6:00,64.139,0,63.968,0,64.31,0
282,6/23/23 6:15,64.31,0,64.139,0,63.968,0
283,6/23/23 6:30,64.139,0,64.139,0,63.968,0
284,6/23/23 6:45,64.139,1,63.968,0,63.797,0
285,6/23/23 7:00,63.968,1,63.968,0,63.797,0
286,6/23/23 7:15,63.968,2,63.968,1,63.797,1
287,6/23/23 7:30,64.139,2,63.968,1,63.626,0
288,6/23/23 7:45,63.968,2,63.797,1,63.797,1
289,6/23/23 8:00,63.968,7,63.797,4,63.626,3
290,6/23/23 8:15,63.968,3,63.968,1,63.626,1
291,6/23/23 8:30,64.31,7,64.139,4,63.797,3
292,6/23/23 8:45,64.31,6,64.31,3,63.626,2
293,6/23/23 9:00,64.31,12,64.139,7,63.455,8
294,6/23/23 9:15,64.481,9,64.31,5,63.626,4
295,6/23/23 9:30,64.652,13,64.481,7,63.626,7
296,6/23/23 9:45,64.31,10,64.139,6,63.626,6
297,6/23/23 10:00,64.652,11,64.481,6,63.626,6
298,6/23/23 10:15,64.652,24,64.652,8,63.626,6
299,6/23/23 10:30,64.31,16,64.139,6,63.797,5
300,6/23/23 10:45,63.797,20,63.797,8,63.626,4
301,6/23/23 11:00,63.797,48,63.797,14,63.797,4
302,6/23/23 11:15,63.797,46,63.797,14,63.968,9
303,6/23/23 11:30,63.968,62,63.797,20,63.797,7
304,6/23/23 11:45,63.968,65,63.797,22,63.968,15
305,6/23/23 12:00,63.968,61,63.968,20,63.968,11
306,6/23/23 12:15,63.968,70,63.968,23,63.968,16
307,6/23/23 12:30,64.139,82,63.968,29,63.968,20
308,6/23/23 12:45,64.139,83,63.968,29,63.968,17
309,6/23/23 13:00,64.139,72,63.968,27,63.968,15
310,6/23/23 13:15,64.139,77,63.968,30,63.968,14
311,6/23/23 13:30,64.139,92,63.968,37,63.968,15
312,6/23/23 13:45,64.139,103,63.968,41,63.968,12
313,6/23/23 14:00,64.139,90,64.139,37,63.968,14
314,6/23/23 14:15,64.31,102,64.31,42,63.797,12
315,6/23/23 14:30,64.31,95,64.139,41,63.797,10
316,6/23/23 14:45,64.481,76,64.31,31,63.797,8
317,6/23/23 15:00,64.652,64,64.652,26,63.626,6
318,6/23/23 15:15,64.481,39,64.31,16,63.626,4
319,6/23/23 15:30,64.481,42,64.481,17,63.968,5
320,6/23/23 15:45,64.31,47,64.139,20,63.968,7
321,6/23/23 16:00,64.31,38,64.31,16,63.968,6
322,6/23/23 16:15,64.31,43,64.139,19,63.968,8
323,6/23/23 16:30,64.139,25,64.139,11,63.968,4
324,6/23/23 16:45,64.31,49,64.31,24,64.31,9
325,6/23/23 17:00,65.338,47,65.167,23,64.652,8
326,6/23/23 17:15,65.509,32,65.338,15,64.996,5
327,6/23/23 17:30,65.68,23,65.509,10,64.996,2
328,6/23/23 17:45,65.338,19,65.338,8,64.481,2
329,6/23/23 18:00,65.338,12,65.167,4,64.31,1
330,6/23/23 18:15,64.996,7,64.825,3,63.797,0
331,6/23/23 18:30,63.968,6,63.968,2,63.797,0
332,6/23/23 18:45,63.968,3,63.968,1,63.797,0
333,6/23/23 19:00,63.968,2,63.968,0,63.797,0
334,6/23/23 19:15,63.968,1,63.797,0,63.797,0
335,6/23/23 19:30,63.968,0,63.968,0,63.797,0
336,6/23/23 19:45,63.968,0,63.797,0,63.797,0
337,6/23/23 20:00,63.968,0,63.968,0,63.797,0
338,6/23/23 20:15,64.481,0,64.31,0,64.139,0
339,6/23/23 20:30,64.31,0,64.31,0,63.968,0
340,6/23/23 20:45,64.31,0,64.139,0,63.968,0
341,6/23/23 21:00,64.825,0,64.825,0,63.968,0
342,6/23/23 21:15,65.338,0,65.167,0,64.481,0
343,6/23/23 21:30,64.996,0,64.996,0,63.797,0
344,6/23/23 21:45,63.968,0,63.968,0,63.797,0
345,6/23/23 22:00,63.968,0,63.797,0,63.797,0
346,6/23/23 22:15,63.968,0,63.968,0,63.797,0
347,6/23/23 22:30,64.31,0,64.139,0,64.139,0
348,6/23/23 22:45,64.825,0,64.652,0,64.481,0
349,6/23/23 23:00,64.652,0,64.481,0,64.31,0
350,6/23/23 23:15,64.652,0,64.481,0,64.481,0
351,6/23/23 23:30,64.652,0,64.481,0,64.31,0
352,6/23/23 23:45,64.652,0,64.652,0,64.31,0
353,6/24/23 0:00,64.652,0,64.652,0,64.31,0
354,6/24/23 0:15,64.481,0,64.481,0,63.968,0
355,6/24/23 0:30,64.481,0,64.481,0,63.968,0
356,6/24/23 0:45,64.481,0,64.481,0,64.139,0
357,6/24/23 1:00,64.31,0,64.31,0,64.139,0
358,6/24/23 1:15,64.31,0,64.139,0,64.139,0
359,6/24/23 1:30,64.31,0,64.139,0,64.139,0
360,6/24/23 1:45,64.31,0,64.139,0,64.139,0
361,6/24/23 2:00,64.31,0,64.31,0,64.139,0
362,6/24/23 2:15,64.31,0,64.139,0,64.139,0
363,6/24/23 2:30,64.31,0,64.139,0,64.139,0
364,6/24/23 2:45,64.31,0,64.139,0,63.797,0
365,6/24/23 3:00,64.31,0,64.139,0,63.626,0
366,6/24/23 3:15,64.31,0,64.139,0,63.968,0
367,6/24/23 3:30,64.31,0,64.139,0,64.139,0
368,6/24/23 3:45,64.481,0,64.31,0,64.481,0
369,6/24/23 4:00,64.481,0,64.481,0,63.797,0
370,6/24/23 4:15,64.652,0,64.481,0,63.626,0
371,6/24/23 4:30,64.652,0,64.481,0,64.139,0
372,6/24/23 4:45,64.652,0,64.481,0,64.481,0
373,6/24/23 5:00,64.652,0,64.652,0,64.481,0
374,6/24/23 5:15,64.652,0,64.652,0,64.139,0
375,6/24/23 5:30,64.652,0,64.481,0,64.31,0
376,6/24/23 5:45,64.825,0,64.652,0,63.968,0
377,6/24/23 6:00,64.31,0,64.31,0,63.797,0
378,6/24/23 6:15,64.139,0,64.139,0,63.968,0
379,6/24/23 6:30,63.968,1,63.968,1,64.139,0
380,6/24/23 6:45,64.139,1,64.139,0,63.968,0
381,6/24/23 7:00,64.139,1,64.139,0,64.139,0
382,6/24/23 7:15,64.31,2,64.139,1,64.139,0
383,6/24/23 7:30,64.31,3,64.139,2,63.968,0
384,6/24/23 7:45,64.31,3,64.139,2,63.968,0
385,6/24/23 8:00,64.31,1,64.139,0,63.968,0
386,6/24/23 8:15,64.139,1,64.139,1,63.968,0
387,6/24/23 8:30,64.139,1,64.139,1,64.139,0
388,6/24/23 8:45,64.481,2,64.31,1,64.139,0
389,6/24/23 9:00,64.825,2,64.652,1,64.31,1
390,6/24/23 9:15,64.825,3,64.652,2,63.968,1
391,6/24/23 9:30,64.652,4,64.481,2,63.968,0
392,6/24/23 9:45,64.481,4,64.31,2,63.968,1
393,6/24/23 10:00,64.481,2,64.31,2,63.968,0
394,6/24/23 10:15,64.481,1,64.481,1,63.968,0
395,6/24/23 10:30,64.139,2,64.139,1,63.968,0
396,6/24/23 10:45,64.139,2,63.968,1,63.968,1
397,6/24/23 11:00,64.139,4,63.968,3,63.968,2
398,6/24/23 11:15,64.31,6,64.139,5,63.968,3
399,6/24/23 11:30,64.652,4,64.652,4,64.139,2
400,6/24/23 11:45,64.825,10,64.652,9,63.968,3
401,6/24/23 12:00,64.481,7,64.31,6,63.968,3
402,6/24/23 12:15,64.31,9,64.139,9,63.968,4
403,6/24/23 12:30,64.139,5,64.139,4,63.968,4
404,6/24/23 12:45,64.139,3,64.139,2,64.481,1
405,6/24/23 13:00,64.652,17,64.481,14,64.481,11
406,6/24/23 13:15,65.338,23,65.167,18,64.652,15
407,6/24/23 13:30,64.996,17,64.825,12,64.652,12
408,6/24/23 13:45,64.825,18,64.652,14,64.481,9
409,6/24/23 14:00,64.652,14,64.652,11,64.481,7
410,6/24/23 14:15,64.652,10,64.652,8,64.481,5
411,6/24/23 14:30,64.652,10,64.652,8,64.139,3
412,6/24/23 14:45,64.31,11,64.139,9,63.968,4
413,6/24/23 15:00,64.139,9,63.968,8,63.968,4
414,6/24/23 15:15,64.139,12,64.139,11,63.968,8
415,6/24/23 15:30,64.139,19,64.139,20,64.31,13
416,6/24/23 15:45,64.825,12,64.652,12,64.481,7
417,6/24/23 16:00,65.167,14,64.996,14,64.31,10
418,6/24/23 16:15,65.167,16,64.996,18,64.481,11
419,6/24/23 16:30,64.825,6,64.652,6,64.31,5
420,6/24/23 16:45,64.481,5,64.481,6,64.31,4
421,6/24/23 17:00,64.481,4,64.481,4,64.139,3
422,6/24/23 17:15,64.481,2,64.481,3,64.481,2
423,6/24/23 17:30,64.652,1,64.481,2,64.31,1
424,6/24/23 17:45,64.652,2,64.652,2,64.31,1
425,6/24/23 18:00,64.652,1,64.481,1,64.139,1
426,6/24/23 18:15,64.31,1,64.31,1,64.481,1
427,6/24/23 18:30,64.652,1,64.481,2,64.652,1
428,6/24/23 18:45,64.996,1,64.825,1,64.996,1
429,6/24/23 19:00,65.167,1,65.167,1,64.139,0
430,6/24/23 19:15,64.825,0,64.825,0,63.968,0
431,6/24/23 19:30,64.31,0,64.31,0,63.797,0
432,6/24/23 19:45,64.31,0,64.139,0,63.797,0
433,6/24/23 20:00,64.139,0,64.139,0,63.797,0
434,6/24/23 20:15,64.139,0,64.139,0,64.139,0
435,6/24/23 20:30,64.139,0,64.139,0,64.31,0
436,6/24/23 20:45,64.996,0,64.996,0,64.139,0
437,6/24/23 21:00,65.167,0,65.167,0,64.31,0
438,6/24/23 21:15,64.825,0,64.825,0,64.31,0
439,6/24/23 21:30,64.481,0,64.481,0,64.139,0
440,6/24/23 21:45,64.481,0,64.31,0,64.139,0
441,6/24/23 22:00,64.31,0,64.31,0,64.139,0
442,6/24/23 22:15,64.31,0,64.31,0,63.968,0
443,6/24/23 22:30,64.31,0,64.31,0,63.968,0
444,6/24/23 22:45,64.31,0,64.139,0,63.968,0
445,6/24/23 23:00,64.481,0,64.31,0,63.968,0
446,6/24/23 23:15,65.167,0,65.167,0,63.968,0
447,6/24/23 23:30,64.996,0,64.996,0,63.968,0
448,6/24/23 23:45,65.167,0,65.167,0,63.968,0
449,6/25/23 0:00,65.338,0,65.338,0,64.31,0
450,6/25/23 0:15,65.509,0,65.338,0,64.652,0
451,6/25/23 0:30,64.825,0,64.652,0,64.652,0
452,6/25/23 0:45,64.825,0,64.652,0,64.652,0
453,6/25/23 1:00,64.825,0,64.652,0,64.481,0
454,6/25/23 1:15,64.825,0,64.825,0,64.481,0
455,6/25/23 1:30,64.652,0,64.652,0,64.481,0
456,6/25/23 1:45,64.652,0,64.652,0,64.481,0
457,6/25/23 2:00,64.481,0,64.481,0,64.31,0
458,6/25/23 2:15,64.481,0,64.31,0,64.31,0
459,6/25/23 2:30,64.481,0,64.481,0,64.139,0
460,6/25/23 2:45,64.481,0,64.481,0,64.139,0
461,6/25/23 3:00,64.481,0,64.31,0,64.139,0
462,6/25/23 3:15,64.31,0,64.31,0,64.139,0
463,6/25/23 3:30,64.481,0,64.31,0,64.139,0
464,6/25/23 3:45,64.31,0,64.31,0,63.968,0
465,6/25/23 4:00,64.31,0,64.31,0,63.968,0
466,6/25/23 4:15,64.481,0,64.481,0,64.139,0
467,6/25/23 4:30,64.825,0,64.652,0,64.139,0
468,6/25/23 4:45,64.996,0,64.825,0,64.481,0
469,6/25/23 5:00,64.825,0,64.825,0,64.652,0
470,6/25/23 5:15,64.996,0,64.825,0,64.652,0
471,6/25/23 5:30,64.825,0,64.825,0,64.652,0
472,6/25/23 5:45,64.825,0,64.825,0,64.652,0
473,6/25/23 6:00,64.825,0,64.825,0,64.652,0
474,6/25/23 6:15,64.996,0,64.825,0,64.31,0
475,6/25/23 6:30,64.996,0,64.825,0,64.139,0
476,6/25/23 6:45,64.825,0,64.652,1,64.31,0
477,6/25/23 7:00,64.996,0,64.825,1,63.968,0
478,6/25/23 7:15,64.996,1,64.825,1,64.139,0
479,6/25/23 7:30,64.996,2,64.996,2,63.968,0
480,6/25/23 7:45,64.481,2,64.31,2,63.968,1
481,6/25/23 8:00,64.139,1,64.139,1,64.139,1
482,6/25/23 8:15,64.31,2,64.139,2,64.139,1
483,6/25/23 8:30,64.31,3,64.31,3,64.139,1
484,6/25/23 8:45,64.31,3,64.139,3,64.139,2
485,6/25/23 9:00,64.139,1,64.139,2,63.968,1
486,6/25/23 9:15,64.139,4,64.139,4,63.968,3
487,6/25/23 9:30,64.139,3,64.139,4,64.139,4
488,6/25/23 9:45,64.31,7,64.139,4,64.139,2
489,6/25/23 10:00,64.31,10,64.31,5,64.139,3
490,6/25/23 10:15,64.481,12,64.31,6,64.139,4
491,6/25/23 10:30,64.481,13,64.31,7,64.139,4
492,6/25/23 10:45,64.31,10,64.31,5,63.968,3
493,6/25/23 11:00,64.31,9,64.31,4,63.968,0
494,6/25/23 11:15,64.31,7,64.31,4,63.797,2
495,6/25/23 11:30,64.31,7,64.139,4,63.797,1
496,6/25/23 11:45,64.31,7,64.139,4,63.797,1
497,6/25/23 12:00,64.825,13,64.481,7,63.968,4
498,6/25/23 12:15,65.338,17,65.338,9,63.968,3
499,6/25/23 12:30,65.338,15,65.167,8,63.968,4
500,6/25/23 12:45,65.509,13,65.167,14,63.968,3
501,6/25/23 13:00,64.481,17,64.481,18,64.139,11
502,6/25/23 13:15,65.509,23,65.509,24,64.481,10
503,6/25/23 13:30,65.851,30,65.851,34,65.68,20
504,6/25/23 13:45,66.022,31,65.851,36,64.139,15
505,6/25/23 14:00,66.193,32,66.022,36,63.968,12
506,6/25/23 14:15,64.652,25,64.481,29,63.968,8
507,6/25/23 14:30,64.31,24,64.31,27,63.968,6
508,6/25/23 14:45,64.652,18,64.652,20,63.968,4
509,6/25/23 15:00,64.31,11,64.139,12,63.968,5
510,6/25/23 15:15,64.31,15,64.139,17,63.968,7
511,6/25/23 15:30,64.31,12,64.139,14,63.968,5
512,6/25/23 15:45,64.31,12,64.139,14,63.968,4
513,6/25/23 16:00,64.481,13,64.31,17,63.968,3
514,6/25/23 16:15,64.481,11,64.481,15,64.139,4
515,6/25/23 16:30,64.481,10,64.481,13,64.31,4
516,6/25/23 16:45,64.825,9,64.652,13,64.139,3
517,6/25/23 17:00,64.996,9,64.825,13,63.797,4
518,6/25/23 17:15,65.167,7,64.996,10,64.481,4
519,6/25/23 17:30,65.338,6,65.167,8,64.481,2
520,6/25/23 17:45,64.996,4,64.825,6,64.481,2
521,6/25/23 18:00,64.996,3,64.996,4,64.31,1
522,6/25/23 18:15,65.167,3,65.167,4,64.139,0
523,6/25/23 18:30,65.338,2,65.167,3,64.139,0
524,6/25/23 18:45,65.167,1,64.996,1,64.652,0
525,6/25/23 19:00,65.509,0,65.509,1,64.825,0
526,6/25/23 19:15,65.509,0,65.509,1,65.167,0
527,6/25/23 19:30,65.68,0,65.509,0,64.825,0
528,6/25/23 19:45,65.68,0,65.68,0,64.825,0
529,6/25/23 20:00,66.022,0,66.022,0,64.652,0
530,6/25/23 20:15,65.68,0,65.68,0,64.31,0
531,6/25/23 20:30,64.996,0,64.825,0,64.481,0
532,6/25/23 20:45,64.652,0,64.652,0,63.968,0
533,6/25/23 21:00,64.652,0,64.481,0,63.968,0
534,6/25/23 21:15,64.139,0,64.139,0,63.968,0
535,6/25/23 21:30,64.139,0,64.139,0,64.481,0
536,6/25/23 21:45,64.139,0,64.139,0,64.481,0
537,6/25/23 22:00,64.31,0,64.31,0,64.31,0
538,6/25/23 22:15,64.31,0,64.31,0,64.139,0
539,6/25/23 22:30,64.481,0,64.31,0,64.139,0
540,6/25/23 22:45,64.31,0,64.31,0,63.968,0
541,6/25/23 23:00,64.31,0,64.31,0,63.968,0
542,6/25/23 23:15,64.31,0,64.31,0,63.797,0
543,6/25/23 23:30,64.481,0,64.481,0,63.797,0
544,6/25/23 23:45,65.509,0,65.338,0,64.652,0
545,6/26/23 0:00,65.851,0,65.851,0,64.139,0
546,6/26/23 0:15,65.338,0,65.167,0,63.968,0
547,6/26/23 0:30,64.481,0,64.31,0,64.31,0
548,6/26/23 0:45,64.825,0,64.652,0,64.481,0
549,6/26/23 1:00,64.652,0,64.652,0,64.481,0
550,6/26/23 1:15,64.652,0,64.652,0,64.481,0
551,6/26/23 1:30,64.652,0,64.652,0,64.481,0
552,6/26/23 1:45,64.825,0,64.652,0,64.652,0
553,6/26/23 2:00,64.825,0,64.652,0,64.652,0
554,6/26/23 2:15,64.825,0,64.825,0,64.652,0
555,6/26/23 2:30,64.825,0,64.825,0,64.481,0
556,6/26/23 2:45,64.652,0,64.652,0,64.481,0
557,6/26/23 3:00,64.481,0,64.31,0,64.139,0
558,6/26/23 3:15,64.481,0,64.31,0,64.31,0
559,6/26/23 3:30,64.481,0,64.481,0,64.139,0
560,6/26/23 3:45,64.31,0,64.31,0,63.968,0
561,6/26/23 4:00,64.31,0,64.139,0,63.968,0
562,6/26/23 4:15,64.481,0,64.31,0,63.968,0
563,6/26/23 4:30,64.481,0,64.31,0,64.139,0
564,6/26/23 4:45,64.481,0,64.481,0,63.626,0
565,6/26/23 5:00,64.481,0,64.481,0,63.455,0
566,6/26/23 5:15,64.652,0,64.481,0,63.455,0
567,6/26/23 5:30,64.996,0,64.996,0,64.652,0
568,6/26/23 5:45,65.167,0,64.996,0,64.825,0
569,6/26/23 6:00,65.167,0,64.996,0,63.455,0
570,6/26/23 6:15,64.996,0,64.996,0,63.455,0
571,6/26/23 6:30,65.167,0,64.996,0,63.455,0
572,6/26/23 6:45,64.996,0,64.825,0,64.481,0
573,6/26/23 7:00,65.167,3,64.996,2,64.996,0
574,6/26/23 7:15,65.167,4,64.996,3,64.825,1
575,6/26/23 7:30,65.338,1,65.338,0,65.338,0
576,6/26/23 7:45,65.68,6,65.509,4,65.509,3
577,6/26/23 8:00,65.851,5,65.68,4,65.167,1
578,6/26/23 8:15,65.509,4,65.167,3,64.139,0
579,6/26/23 8:30,64.825,2,64.652,1,63.797,0
580,6/26/23 8:45,64.139,2,64.139,2,63.968,1
581,6/26/23 9:00,64.139,2,63.968,2,63.968,0
582,6/26/23 9:15,63.968,4,63.968,3,63.968,1
583,6/26/23 9:30,64.139,5,63.968,4,63.968,1
584,6/26/23 9:45,64.139,5,64.139,4,63.968,2
585,6/26/23 10:00,64.139,4,64.139,4,63.968,1
586,6/26/23 10:15,64.31,7,64.139,6,63.797,2
587,6/26/23 10:30,64.481,5,64.31,4,63.968,2
588,6/26/23 10:45,64.652,3,64.481,3,64.139,1
589,6/26/23 11:00,64.481,3,64.31,2,64.139,1
590,6/26/23 11:15,64.996,5,64.825,4,64.139,2
591,6/26/23 11:30,64.996,19,64.825,15,64.31,7
592,6/26/23 11:45,65.167,10,64.996,7,63.797,2
593,6/26/23 12:00,64.652,21,64.481,16,64.481,13
594,6/26/23 12:15,64.652,14,64.481,10,64.481,9
595,6/26/23 12:30,64.652,24,64.652,17,64.481,16
596,6/26/23 12:45,64.652,17,64.481,13,63.626,9
597,6/26/23 13:00,64.652,26,64.652,16,63.626,5
598,6/26/23 13:15,64.825,26,64.652,17,63.797,6
599,6/26/23 13:30,64.825,29,64.481,18,63.797,5
600,6/26/23 13:45,64.481,23,64.31,15,63.797,6
601,6/26/23 14:00,64.139,12,63.968,7,63.797,7
602,6/26/23 14:15,64.139,15,63.968,10,64.139,12
603,6/26/23 14:30,66.193,14,66.022,9,65.338,10
604,6/26/23 14:45,65.509,8,65.338,5,65.68,15
605,6/26/23 15:00,65.338,12,65.167,8,65.68,22
606,6/26/23 15:15,65.338,6,65.338,4,65.509,9
607,6/26/23 15:30,65.509,8,65.338,5,65.167,12
608,6/26/23 15:45,65.509,4,65.509,2,64.825,5
609,6/26/23 16:00,65.167,2,64.996,1,64.139,1
610,6/26/23 16:15,64.825,2,64.825,2,63.797,0
611,6/26/23 16:30,63.797,2,63.797,2,63.455,0
612,6/26/23 16:45,64.139,2,63.968,1,63.626,0
613,6/26/23 17:00,64.825,1,64.825,0,63.968,0
614,6/26/23 17:15,64.996,1,64.996,1,64.139,0
615,6/26/23 17:30,65.338,3,65.167,2,64.31,0
616,6/26/23 17:45,65.851,1,65.68,1,64.31,0
617,6/26/23 18:00,65.509,1,65.338,1,64.31,0
618,6/26/23 18:15,64.825,1,64.825,1,64.139,0
619,6/26/23 18:30,64.481,0,64.31,0,63.968,0
620,6/26/23 18:45,64.31,0,64.139,0,64.139,0
621,6/26/23 19:00,64.31,0,64.139,0,63.968,0
622,6/26/23 19:15,64.825,0,64.652,0,64.139,0
623,6/26/23 19:30,65.338,0,65.167,0,64.31,0
624,6/26/23 19:45,65.509,0,65.338,0,63.968,0
625,6/26/23 20:00,64.996,0,64.996,0,64.31,0
626,6/26/23 20:15,65.68,0,65.509,0,64.31,0
627,6/26/23 20:30,66.022,0,65.851,0,64.31,0
628,6/26/23 20:45,64.652,0,64.481,0,63.797,0
629,6/26/23 21:00,64.31,0,64.31,0,63.626,0
630,6/26/23 21:15,63.968,0,63.968,0,63.797,0
631,6/26/23 21:30,63.968,0,63.968,0,63.968,0
632,6/26/23 21:45,63.968,0,63.968,0,63.968,0
633,6/26/23 22:00,63.968,0,63.968,0,63.968,0
634,6/26/23 22:15,64.139,0,63.968,0,63.797,0
635,6/26/23 22:30,64.31,0,64.31,0,63.797,0
636,6/26/23 22:45,64.825,0,64.652,0,63.968,0
637,6/26/23 23:00,65.167,0,64.996,0,64.139,0
638,6/26/23 23:15,65.509,0,65.338,0,64.481,0
639,6/26/23 23:30,65.851,0,65.68,0,64.652,0
640,6/26/23 23:45,66.022,0,66.022,0,64.139,0
641,6/27/23 0:00,65.68,0,65.509,0,64.825,0
642,6/27/23 0:15,66.022,0,65.851,0,65.338,0
643,6/27/23 0:30,66.193,0,66.193,0,65.509,0
644,6/27/23 0:45,65.68,0,65.509,0,65.68,0
645,6/27/23 1:00,65.68,0,65.509,0,65.68,0
646,6/27/23 1:15,65.68,0,65.509,0,64.996,0
647,6/27/23 1:30,65.68,0,65.509,0,66.022,0
648,6/27/23 1:45,65.851,0,65.68,0,66.193,0
649,6/27/23 2:00,66.022,0,66.022,0,65.68,0
650,6/27/23 2:15,66.366,0,66.366,0,66.022,0
651,6/27/23 2:30,66.366,0,66.366,0,66.022,0
652,6/27/23 2:45,66.366,0,66.193,0,66.193,0
653,6/27/23 3:00,66.193,0,66.193,0,66.193,0
654,6/27/23 3:15,66.193,0,66.022,0,66.708,0
655,6/27/23 3:30,66.193,0,66.193,0,66.537,0
656,6/27/23 3:45,66.193,0,66.193,0,63.626,0
657,6/27/23 4:00,64.139,0,63.968,0,63.626,0
658,6/27/23 4:15,64.31,0,63.968,0,65.338,0
659,6/27/23 4:30,66.193,0,66.193,0,65.338,0
660,6/27/23 4:45,66.022,0,65.851,0,65.509,0
661,6/27/23 5:00,66.193,0,65.851,0,64.31,0
662,6/27/23 5:15,65.338,0,65.338,0,64.652,0
663,6/27/23 5:30,64.996,0,64.996,0,64.481,0
664,6/27/23 5:45,64.996,0,64.825,0,64.31,0
665,6/27/23 6:00,64.652,0,64.652,0,63.968,0
666,6/27/23 6:15,64.481,0,64.31,0,64.139,0
667,6/27/23 6:30,64.825,0,64.652,0,64.31,0
668,6/27/23 6:45,64.996,0,64.825,0,64.481,0
669,6/27/23 7:00,65.68,0,65.68,0,63.968,0
670,6/27/23 7:15,65.509,1,65.338,2,64.139,0
671,6/27/23 7:30,64.996,0,64.825,0,64.31,0
672,6/27/23 7:45,65.509,0,65.338,1,64.481,0
673,6/27/23 8:00,65.509,1,65.509,2,63.626,0
674,6/27/23 8:15,65.851,1,65.68,2,63.797,0
675,6/27/23 8:30,64.139,0,63.968,1,64.481,0
676,6/27/23 8:45,64.825,3,64.481,3,63.455,1
677,6/27/23 9:00,65.338,1,65.167,2,65.509,2
678,6/27/23 9:15,65.68,0,65.68,0,65.851,1
679,6/27/23 9:30,66.022,0,65.851,0,65.68,0
680,6/27/23 9:45,65.851,0,65.68,0,63.968,0
681,6/27/23 10:00,64.31,0,64.31,0,64.481,0
682,6/27/23 10:15,64.31,0,64.31,0,65.167,0
683,6/27/23 10:30,65.509,0,65.338,0,66.022,1
684,6/27/23 10:45,66.366,0,66.193,0,66.708,2
685,6/27/23 11:00,66.366,0,66.366,0,66.879,3
686,6/27/23 11:15,66.193,0,66.193,0,66.708,6
687,6/27/23 11:30,66.366,6,66.193,6,65.68,13
688,6/27/23 11:45,66.366,2,66.366,2,66.537,4
689,6/27/23 12:00,66.537,2,66.366,2,64.139,2
690,6/27/23 12:15,66.537,0,66.537,0,66.022,0
691,6/27/23 12:30,66.537,0,66.537,0,64.652,2
692,6/27/23 12:45,66.708,0,66.708,0,66.193,5
693,6/27/23 13:00,66.708,3,66.708,2,66.708,16
694,6/27/23 13:15,66.708,2,66.537,2,66.879,9
695,6/27/23 13:30,66.879,1,66.708,0,67.05,7
696,6/27/23 13:45,66.708,4,66.708,3,66.366,8
697,6/27/23 14:00,67.221,4,67.05,2,65.68,15
698,6/27/23 14:15,67.05,4,66.879,4,65.68,12
699,6/27/23 14:30,66.879,3,66.879,2,65.509,9
700,6/27/23 14:45,66.708,0,66.537,0,65.68,2
701,6/27/23 15:00,66.879,5,66.879,2,66.366,4
702,6/27/23 15:15,67.221,3,67.05,2,67.05,2
703,6/27/23 15:30,67.392,5,67.221,4,66.366,2
704,6/27/23 15:45,67.05,0,67.05,0,67.392,5
705,6/27/23 16:00,67.221,0,67.221,0,67.392,4
706,6/27/23 16:15,67.392,0,67.392,0,67.564,6
707,6/27/23 16:30,67.392,2,67.392,1,67.735,8
708,6/27/23 16:45,67.564,0,67.392,0,66.708,2
709,6/27/23 17:00,67.564,3,67.564,1,65.167,0
710,6/27/23 17:15,67.564,2,67.392,2,65.167,0
711,6/27/23 17:30,67.564,3,67.564,1,65.851,0
712,6/27/23 17:45,67.906,0,67.735,0,66.193,0
713,6/27/23 18:00,67.735,0,67.735,0,66.022,0
714,6/27/23 18:15,66.879,0,66.879,0,65.851,0
715,6/27/23 18:30,66.193,0,66.193,0,65.338,0
716,6/27/23 18:45,65.851,0,65.68,0,65.338,0
717,6/27/23 19:00,65.68,0,65.68,0,65.167,0
718,6/27/23 19:15,65.68,0,65.68,0,64.825,0
719,6/27/23 19:30,65.509,0,65.509,0,65.167,0
720,6/27/23 19:45,65.68,0,65.509,0,65.68,0
721,6/27/23 20:00,65.509,0,65.509,0,65.851,0
722,6/27/23 20:15,65.851,0,65.68,0,66.022,0
723,6/27/23 20:30,65.851,0,65.68,0,64.825,0
724,6/27/23 20:45,66.022,0,65.851,0,64.481,0
725,6/27/23 21:00,64.996,0,64.825,0,64.652,0
726,6/27/23 21:15,65.509,0,65.338,0,64.31,0
727,6/27/23 21:30,65.68,0,65.68,0,64.481,0
728,6/27/23 21:45,65.68,0,65.509,0,64.31,0
729,6/27/23 22:00,65.338,0,65.167,0,65.167,0
730,6/27/23 22:15,65.509,0,65.338,0,64.996,0
731,6/27/23 22:30,65.509,0,65.509,0,65.851,0
732,6/27/23 22:45,65.338,0,65.338,0,66.022,0
733,6/27/23 23:00,65.68,0,65.68,0,66.193,0
734,6/27/23 23:15,66.193,0,66.022,0,65.509,0
735,6/27/23 23:30,66.193,0,66.193,0,66.022,0
736,6/27/23 23:45,66.366,0,66.193,0,65.338,0
737,6/28/23 0:00,66.022,0,66.022,0,65.338,0
738,6/28/23 0:15,66.022,0,66.022,0,65.851,0
739,6/28/23 0:30,66.193,0,66.022,0,66.708,0
740,6/28/23 0:45,66.193,0,66.022,0,66.708,0
741,6/28/23 1:00,66.193,0,66.193,0,66.708,0
742,6/28/23 1:15,66.366,0,66.193,0,66.366,0
743,6/28/23 1:30,66.537,0,66.366,0,66.708,0
744,6/28/23 1:45,66.537,0,66.537,0,66.022,0
745,6/28/23 2:00,66.537,0,66.537,0,66.366,0
746,6/28/23 2:15,66.537,0,66.537,0,66.193,0
747,6/28/23 2:30,66.708,0,66.537,0,66.366,0
748,6/28/23 2:45,66.708,0,66.708,0,66.537,0
749,6/28/23 3:00,66.708,0,66.537,0,66.193,0
750,6/28/23 3:15,66.708,0,66.537,0,66.537,0
751,6/28/23 3:30,66.708,0,66.708,0,66.879,0
752,6/28/23 3:45,66.879,0,66.879,0,67.05,0
753,6/28/23 4:00,67.05,0,66.879,0,64.139,0
754,6/28/23 4:15,66.879,0,66.879,0,64.139,0
755,6/28/23 4:30,66.366,0,65.851,0,64.31,0
756,6/28/23 4:45,67.05,0,66.879,0,66.022,0
757,6/28/23 5:00,67.05,0,66.879,0,66.879,0
758,6/28/23 5:15,67.05,0,67.05,0,64.996,0
759,6/28/23 5:30,67.05,0,67.05,0,64.652,0
760,6/28/23 5:45,67.05,0,67.05,0,64.31,0
761,6/28/23 6:00,67.05,0,67.05,0,64.139,0
762,6/28/23 6:15,66.879,0,66.708,0,63.968,0
763,6/28/23 6:30,66.366,0,66.193,0,64.139,0
764,6/28/23 6:45,66.537,0,66.366,0,63.797,0
765,6/28/23 7:00,65.68,0,65.509,0,64.996,0
766,6/28/23 7:15,66.193,1,66.193,0,65.338,0
767,6/28/23 7:30,66.022,2,66.022,1,65.68,0
768,6/28/23 7:45,65.68,5,65.68,2,65.338,0
769,6/28/23 8:00,65.68,6,65.68,3,64.825,0
770,6/28/23 8:15,65.338,6,65.167,2,64.996,1
771,6/28/23 8:30,65.68,9,65.509,4,64.481,0
772,6/28/23 8:45,65.68,9,65.68,3,64.139,0
773,6/28/23 9:00,64.652,3,64.481,1,64.652,0
774,6/28/23 9:15,64.652,9,64.652,4,64.825,0
775,6/28/23 9:30,65.338,15,65.167,7,64.139,0
776,6/28/23 9:45,64.825,7,64.825,3,64.825,1
777,6/28/23 10:00,64.996,13,64.996,7,65.509,1
778,6/28/23 10:15,65.509,17,65.338,7,64.996,0
779,6/28/23 10:30,65.851,25,65.68,12,64.652,0
780,6/28/23 10:45,65.338,7,65.338,4,64.481,0
781,6/28/23 11:00,65.167,6,64.996,3,64.825,1
782,6/28/23 11:15,64.825,8,64.825,4,65.338,3
783,6/28/23 11:30,64.825,9,64.652,5,65.851,3
784,6/28/23 11:45,64.996,3,64.825,1,65.851,0
785,6/28/23 12:00,66.022,14,65.851,7,65.851,1
786,6/28/23 12:15,65.851,18,65.851,9,65.167,2
787,6/28/23 12:30,65.851,78,65.851,38,65.509,15
788,6/28/23 12:45,66.193,57,66.022,28,65.68,12
789,6/28/23 13:00,66.193,57,66.193,29,65.509,15
790,6/28/23 13:15,66.193,25,66.022,12,64.139,5
791,6/28/23 13:30,66.022,14,65.851,7,65.851,4
792,6/28/23 13:45,66.366,30,66.366,16,66.879,9
793,6/28/23 14:00,66.537,20,66.537,11,67.05,7
794,6/28/23 14:15,66.708,15,66.708,8,67.05,6
795,6/28/23 14:30,66.879,17,66.879,9,67.392,6
796,6/28/23 14:45,67.05,16,66.879,9,67.392,6
797,6/28/23 15:00,67.05,15,67.05,8,67.735,8
798,6/28/23 15:15,67.221,13,67.221,7,67.735,6
799,6/28/23 15:30,67.392,14,67.392,7,67.564,6
800,6/28/23 15:45,67.392,34,67.392,20,67.564,15
801,6/28/23 16:00,67.564,26,67.564,15,67.564,9
802,6/28/23 16:15,67.564,17,67.564,10,67.564,7
803,6/28/23 16:30,67.735,15,67.735,8,64.652,1
804,6/28/23 16:45,65.509,10,65.338,5,64.481,1
805,6/28/23 17:00,66.366,13,66.022,7,64.481,1
806,6/28/23 17:15,66.366,5,66.366,2,64.996,0
807,6/28/23 17:30,67.05,3,66.708,1,65.68,0
808,6/28/23 17:45,67.392,4,67.221,2,65.851,0
809,6/28/23 18:00,66.708,3,66.537,1,65.167,0
810,6/28/23 18:15,67.05,2,66.879,0,65.338,0
811,6/28/23 18:30,67.221,3,66.879,1,64.996,0
812,6/28/23 18:45,65.338,1,65.338,0,64.481,0
813,6/28/23 19:00,65.68,0,65.338,0,64.31,0
814,6/28/23 19:15,66.193,1,66.022,0,64.825,0
815,6/28/23 19:30,66.708,1,66.537,0,65.851,0
816,6/28/23 19:45,66.708,1,66.708,0,66.022,0
817,6/28/23 20:00,66.537,0,66.537,0,65.167,0
818,6/28/23 20:15,66.193,0,66.022,0,65.509,0
819,6/28/23 20:30,65.851,0,65.851,0,65.851,0
820,6/28/23 20:45,66.022,0,65.851,0,65.167,0
821,6/28/23 21:00,66.193,0,66.193,0,66.022,0
822,6/28/23 21:15,66.537,0,66.366,0,66.193,0
823,6/28/23 21:30,66.537,0,66.537,0,66.022,0
824,6/28/23 21:45,66.708,0,66.708,0,66.193,0
825,6/28/23 22:00,66.537,0,66.537,0,65.851,0
826,6/28/23 22:15,66.708,0,66.537,0,65.509,0
827,6/28/23 22:30,66.537,0,66.366,0,65.509,0
828,6/28/23 22:45,66.193,0,66.193,0,65.509,0
829,6/28/23 23:00,66.366,0,66.193,0,64.996,0
830,6/28/23 23:15,66.022,0,65.851,0,65.167,0
831,6/28/23 23:30,65.509,0,65.338,0,65.509,0
832,6/28/23 23:45,65.68,0,65.509,0,65.338,0
833,6/29/23 0:00,65.68,0,65.68,0,64.825,0
834,6/29/23 0:15,65.167,0,64.996,0,64.652,0
835,6/29/23 0:30,64.996,0,64.825,0,64.825,0
836,6/29/23 0:45,65.338,0,65.167,0,66.366,0
837,6/29/23 1:00,65.68,0,65.68,0,66.537,0
838,6/29/23 1:15,66.366,0,66.193,0,66.537,0
839,6/29/23 1:30,66.193,0,66.022,0,66.537,0
840,6/29/23 1:45,66.537,0,66.537,0,66.708,0
841,6/29/23 2:00,66.879,0,66.708,0,66.708,0
842,6/29/23 2:15,66.879,0,66.879,0,66.537,0
843,6/29/23 2:30,67.05,0,66.879,0,66.537,0
844,6/29/23 2:45,66.708,0,66.537,0,66.537,0
845,6/29/23 3:00,66.708,0,66.537,0,66.366,0
846,6/29/23 3:15,66.708,0,66.708,0,66.537,0
847,6/29/23 3:30,66.708,0,66.708,0,66.537,0
848,6/29/23 3:45,66.708,0,66.708,0,66.537,0
849,6/29/23 4:00,66.708,0,66.537,0,64.652,0
850,6/29/23 4:15,65.851,0,65.509,0,64.652,0
851,6/29/23 4:30,64.996,0,64.825,0,64.652,0
852,6/29/23 4:45,65.509,0,65.338,0,64.996,0
853,6/29/23 5:00,66.193,0,66.022,0,65.338,0
854,6/29/23 5:15,66.366,0,66.193,0,65.167,0
855,6/29/23 5:30,66.366,0,66.366,0,65.851,0
856,6/29/23 5:45,66.537,0,66.366,0,66.193,0
857,6/29/23 6:00,66.537,1,66.366,0,65.509,0
858,6/29/23 6:15,66.537,3,66.537,0,64.996,0
859,6/29/23 6:30,66.537,4,66.537,0,64.996,0
860,6/29/23 6:45,65.68,4,65.509,1,64.652,0
861,6/29/23 7:00,65.68,7,65.509,2,64.996,0
862,6/29/23 7:15,65.68,13,65.509,4,65.509,1
863,6/29/23 7:30,65.851,12,65.68,3,64.31,0
864,6/29/23 7:45,66.193,12,66.022,3,65.338,1
865,6/29/23 8:00,66.022,23,65.851,8,65.509,4
866,6/29/23 8:15,66.193,23,66.193,7,65.68,3
867,6/29/23 8:30,66.022,15,65.851,4,64.825,1
868,6/29/23 8:45,65.338,23,65.167,7,64.825,2
869,6/29/23 9:00,65.68,28,65.338,9,65.167,3
870,6/29/23 9:15,65.338,41,65.167,12,65.851,5
871,6/29/23 9:30,65.851,51,65.68,16,66.022,6
872,6/29/23 9:45,66.537,59,66.366,19,66.193,7
873,6/29/23 10:00,66.708,72,66.537,22,66.366,8
874,6/29/23 10:15,66.879,76,66.708,24,66.366,9
875,6/29/23 10:30,66.708,73,66.708,23,65.851,5
876,6/29/23 10:45,66.879,70,66.537,24,65.167,4
877,6/29/23 11:00,65.851,63,65.68,22,65.338,5
878,6/29/23 11:15,65.68,59,65.509,21,65.167,4
879,6/29/23 11:30,65.509,51,65.509,19,65.167,4
880,6/29/23 11:45,65.509,54,65.338,21,65.338,6
881,6/29/23 12:00,65.509,58,65.338,20,65.509,8
882,6/29/23 12:15,65.509,75,65.509,26,65.68,8
883,6/29/23 12:30,65.68,85,65.509,30,65.851,12
884,6/29/23 12:45,66.022,87,65.851,31,66.022,12
885,6/29/23 13:00,66.879,101,66.708,38,66.366,12
886,6/29/23 13:15,67.392,93,67.221,35,66.366,12
887,6/29/23 13:30,67.392,92,67.392,35,65.509,11
888,6/29/23 13:45,67.564,88,67.392,35,65.509,6
889,6/29/23 14:00,66.879,62,66.708,25,66.193,8
890,6/29/23 14:15,66.022,60,65.851,23,67.735,22
891,6/29/23 14:30,67.221,91,67.221,33,68.077,21
892,6/29/23 14:45,67.221,74,67.05,29,67.221,13
893,6/29/23 15:00,67.221,57,67.05,23,67.906,16
894,6/29/23 15:15,67.392,57,67.392,24,68.077,20
895,6/29/23 15:30,67.564,47,67.564,19,68.077,20
896,6/29/23 15:45,67.906,58,67.735,26,68.592,22
897,6/29/23 16:00,67.906,47,67.906,20,68.763,18
898,6/29/23 16:15,68.077,45,67.906,20,68.592,13
899,6/29/23 16:30,68.248,43,68.248,18,68.421,9
900,6/29/23 16:45,68.592,40,68.421,16,68.421,9
901,6/29/23 17:00,68.592,34,68.592,13,68.421,6
902,6/29/23 17:15,67.735,16,67.564,6,64.652,1
903,6/29/23 17:30,64.996,11,64.825,4,64.31,1
904,6/29/23 17:45,64.996,15,64.825,5,64.139,2
905,6/29/23 18:00,67.05,14,66.879,5,66.708,2
906,6/29/23 18:15,67.906,13,67.735,5,64.652,1
907,6/29/23 18:30,66.879,10,66.708,4,64.996,0
908,6/29/23 18:45,67.05,8,66.879,3,65.509,0
909,6/29/23 19:00,66.193,3,66.193,0,65.338,0
910,6/29/23 19:15,65.68,1,65.68,0,65.338,0
911,6/29/23 19:30,65.68,1,65.509,0,65.338,0
912,6/29/23 19:45,65.851,1,65.68,0,66.022,0
913,6/29/23 20:00,66.022,0,65.851,0,64.652,0
914,6/29/23 20:15,66.708,0,66.537,0,66.193,0
915,6/29/23 20:30,66.708,0,66.537,0,66.193,0
916,6/29/23 20:45,66.537,0,66.366,0,64.996,0
917,6/29/23 21:00,66.879,0,66.537,0,64.996,0
918,6/29/23 21:15,66.366,0,66.022,0,64.996,0
919,6/29/23 21:30,66.708,0,66.537,0,66.537,0
920,6/29/23 21:45,67.05,0,67.05,0,66.366,0
921,6/29/23 22:00,67.221,0,67.05,0,66.537,0
922,6/29/23 22:15,67.221,0,67.05,0,66.879,0
923,6/29/23 22:30,67.221,0,67.05,0,66.879,0
924,6/29/23 22:45,67.221,0,67.05,0,66.879,0
925,6/29/23 23:00,67.221,0,67.221,0,66.879,0
926,6/29/23 23:15,67.221,0,67.221,0,66.537,0
927,6/29/23 23:30,67.392,0,67.221,0,65.68,0
928,6/29/23 23:45,67.221,0,67.221,0,66.022,0
929,6/30/23 0:00,67.221,0,67.221,0,66.366,0
930,6/30/23 0:15,67.221,0,67.05,0,65.338,0
931,6/30/23 0:30,67.221,0,67.221,0,64.825,0
932,6/30/23 0:45,65.68,0,65.509,0,64.996,0
933,6/30/23 1:00,65.167,0,65.167,0,64.996,0
934,6/30/23 1:15,65.167,0,64.996,0,64.996,0
935,6/30/23 1:30,65.167,0,65.167,0,65.338,0
936,6/30/23 1:45,67.05,0,67.05,0,65.68,0
937,6/30/23 2:00,67.221,0,67.221,0,65.68,0
938,6/30/23 2:15,67.392,0,67.392,0,65.338,0
939,6/30/23 2:30,67.392,0,67.221,0,65.68,0
940,6/30/23 2:45,67.392,0,67.392,0,67.221,0
941,6/30/23 3:00,67.564,0,67.392,0,66.708,0
942,6/30/23 3:15,67.564,0,67.564,0,67.221,0
943,6/30/23 3:30,67.564,0,67.392,0,67.221,0
944,6/30/23 3:45,67.392,0,67.392,0,67.221,0
945,6/30/23 4:00,67.392,0,67.392,0,67.564,0
946,6/30/23 4:15,67.392,0,67.392,0,66.879,0
947,6/30/23 4:30,67.392,0,67.392,0,64.652,0
948,6/30/23 4:45,67.392,0,67.392,0,67.05,0
949,6/30/23 5:00,67.392,0,67.221,0,66.879,0
950,6/30/23 5:15,67.392,0,67.392,0,67.564,0
951,6/30/23 5:30,67.564,0,67.392,0,67.564,0
952,6/30/23 5:45,67.735,0,67.564,0,64.652,0
953,6/30/23 6:00,66.022,1,65.68,0,64.139,0
954,6/30/23 6:15,66.022,1,65.851,0,65.167,0
955,6/30/23 6:30,66.366,3,66.366,1,64.825,0
956,6/30/23 6:45,64.825,4,64.652,1,63.968,0
957,6/30/23 7:00,66.193,6,66.022,2,64.481,1
958,6/30/23 7:15,66.708,9,66.708,3,65.167,1
959,6/30/23 7:30,65.851,10,65.851,4,65.167,1
960,6/30/23 7:45,66.022,13,66.022,5,65.509,1
961,6/30/23 8:00,65.509,11,65.509,4,64.996,2
962,6/30/23 8:15,65.509,20,65.509,8,64.652,2
963,6/30/23 8:30,64.825,16,64.652,6,64.481,3
964,6/30/23 8:45,65.851,28,65.68,11,66.366,5
965,6/30/23 9:00,66.193,30,66.022,11,65.509,2
966,6/30/23 9:15,66.022,25,65.851,9,64.31,4
967,6/30/23 9:30,66.022,38,65.851,15,66.366,6
968,6/30/23 9:45,66.708,56,66.537,15,64.825,5
969,6/30/23 10:00,66.708,65,66.708,18,66.193,8
970,6/30/23 10:15,66.879,76,66.708,22,66.708,9
971,6/30/23 10:30,67.05,87,66.879,24,66.879,10
972,6/30/23 10:45,67.05,92,67.05,26,66.879,11
973,6/30/23 11:00,67.221,97,67.221,27,67.05,15
974,6/30/23 11:15,67.392,73,67.392,23,67.05,13
975,6/30/23 11:30,67.564,160,67.564,51,65.509,11
976,6/30/23 11:45,66.193,128,66.022,45,65.338,13
977,6/30/23 12:00,65.851,109,65.68,37,65.509,14
978,6/30/23 12:15,65.68,120,65.68,40,65.338,8
979,6/30/23 12:30,65.851,99,65.68,35,65.167,7
980,6/30/23 12:45,65.509,75,65.338,28,64.825,5
981,6/30/23 13:00,65.167,73,65.167,31,64.996,9
982,6/30/23 13:15,65.167,81,64.996,35,65.68,14
983,6/30/23 13:30,65.338,87,65.167,41,66.022,19
984,6/30/23 13:45,65.338,109,65.338,46,66.022,17
985,6/30/23 14:00,66.366,123,66.366,51,66.193,19
986,6/30/23 14:15,66.708,104,66.537,43,67.906,15
987,6/30/23 14:30,67.735,107,67.735,43,67.906,15
988,6/30/23 14:45,67.906,114,67.906,44,67.906,20
989,6/30/23 15:00,68.248,102,68.077,40,68.421,18
990,6/30/23 15:15,68.248,100,68.248,40,68.421,27
991,6/30/23 15:30,68.248,83,68.248,34,68.934,23
992,6/30/23 15:45,68.763,81,68.763,35,68.763,25
993,6/30/23 16:00,68.421,61,68.248,25,66.708,15
994,6/30/23 16:15,68.248,52,68.077,22,66.879,10
995,6/30/23 16:30,67.392,42,67.221,18,67.392,8
996,6/30/23 16:45,67.221,41,67.221,17,67.392,9
997,6/30/23 17:00,67.392,25,67.392,10,68.248,5
998,6/30/23 17:15,67.735,30,67.735,13,66.537,4
999,6/30/23 17:30,68.077,30,67.906,12,68.592,7
1000,6/30/23 17:45,68.248,29,68.248,13,68.592,6
1001,6/30/23 18:00,68.592,21,68.421,9,66.022,1
1002,6/30/23 18:15,66.708,15,66.708,6,64.652,3
1003,6/30/23 18:30,65.851,11,65.68,4,64.652,0
1004,6/30/23 18:45,67.05,9,67.05,3,64.825,0
1005,6/30/23 19:00,66.366,5,66.193,2,64.139,0
1006,6/30/23 19:15,64.31,2,64.139,0,63.626,0
1007,6/30/23 19:30,66.366,1,66.193,0,64.825,0
1008,6/30/23 19:45,66.879,0,66.879,0,65.338,0
1009,6/30/23 20:00,66.366,0,66.193,0,65.509,0
1010,6/30/23 20:15,65.851,0,65.68,0,64.652,0
1011,6/30/23 20:30,65.509,0,65.338,0,65.509,0
1012,6/30/23 20:45,65.851,0,65.68,0,66.708,0
1013,6/30/23 21:00,67.05,0,66.708,0,64.652,0
1014,6/30/23 21:15,66.193,0,66.193,0,64.996,0
1015,6/30/23 21:30,65.851,0,65.68,0,64.996,0
1016,6/30/23 21:45,65.338,0,65.338,0,65.167,0
1017,6/30/23 22:00,66.022,0,65.851,0,66.366,0
1018,6/30/23 22:15,66.537,0,66.366,0,66.537,0
1019,6/30/23 22:30,67.05,0,67.05,0,67.05,0
1020,6/30/23 22:45,67.221,0,67.05,0,67.05,0
1021,6/30/23 23:00,67.221,0,67.221,0,66.708,0
1022,6/30/23 23:15,67.564,0,67.392,0,67.392,0
1023,6/30/23 23:30,67.392,0,67.392,0,67.392,0
1024,6/30/23 23:45,67.564,0,67.564,0,66.022,0
1025,7/1/23 0:00,67.564,0,67.564,0,66.193,0
1026,7/1/23 0:15,67.564,0,67.564,0,67.221,0
1027,7/1/23 0:30,67.221,0,67.221,0,67.221,0
1028,7/1/23 0:45,67.564,0,67.392,0,67.221,0
1029,7/1/23 1:00,67.392,0,67.392,0,67.392,0
1030,7/1/23 1:15,67.564,0,67.564,0,65.167,0
1031,7/1/23 1:30,66.193,0,66.193,0,64.996,0
1032,7/1/23 1:45,65.338,0,65.167,0,64.825,0
1033,7/1/23 2:00,65.167,0,64.996,0,64.825,0
1034,7/1/23 2:15,64.996,0,64.996,0,64.481,0
1035,7/1/23 2:30,64.996,0,64.996,0,64.652,0
1036,7/1/23 2:45,64.996,0,64.996,0,65.167,0
1037,7/1/23 3:00,66.537,0,66.366,0,66.022,0
1038,7/1/23 3:15,66.879,0,66.708,0,66.022,0
1039,7/1/23 3:30,66.708,0,66.537,0,65.68,0
1040,7/1/23 3:45,66.708,0,66.708,0,65.338,0
1041,7/1/23 4:00,66.708,0,66.708,0,66.537,0
1042,7/1/23 4:15,65.851,0,65.68,0,67.05,0
1043,7/1/23 4:30,66.193,0,66.193,0,65.509,0
1044,7/1/23 4:45,66.537,0,66.537,0,66.193,0
1045,7/1/23 5:00,66.708,0,66.708,0,66.022,0
1046,7/1/23 5:15,66.537,0,66.366,0,66.022,0
1047,7/1/23 5:30,66.879,0,66.708,0,64.652,0
1048,7/1/23 5:45,67.05,0,66.879,0,66.879,0
1049,7/1/23 6:00,67.05,3,66.879,0,67.564,0
1050,7/1/23 6:15,67.221,5,67.221,1,67.564,0
1051,7/1/23 6:30,67.564,8,67.392,2,67.392,1
1052,7/1/23 6:45,67.221,9,67.05,3,67.392,2
1053,7/1/23 7:00,67.392,12,67.392,3,64.652,1
1054,7/1/23 7:15,66.193,13,66.022,4,64.31,2
1055,7/1/23 7:30,64.825,12,64.825,4,64.31,2
1056,7/1/23 7:45,65.851,19,65.509,6,65.338,2
1057,7/1/23 8:00,65.509,21,65.338,7,64.652,2
1058,7/1/23 8:15,65.509,23,65.338,8,64.652,3
1059,7/1/23 8:30,65.68,39,65.509,12,65.167,4
1060,7/1/23 8:45,66.193,44,66.022,13,65.851,3
1061,7/1/23 9:00,66.193,47,66.022,14,64.825,4
1062,7/1/23 9:15,65.167,50,64.996,14,64.481,4
1063,7/1/23 9:30,66.193,73,66.022,21,65.509,7
1064,7/1/23 9:45,66.537,79,66.366,22,65.509,5
1065,7/1/23 10:00,65.851,57,65.851,17,64.825,8
1066,7/1/23 10:15,65.851,89,65.851,25,65.509,9
1067,7/1/23 10:30,66.022,93,65.851,27,65.68,10
1068,7/1/23 10:45,66.537,114,66.366,32,66.537,12
1069,7/1/23 11:00,67.05,100,67.05,32,67.05,11
1070,7/1/23 11:15,67.735,96,67.564,31,67.392,10
1071,7/1/23 11:30,68.077,92,67.906,32,67.221,10
1072,7/1/23 11:45,68.592,106,68.592,38,67.05,9
1073,7/1/23 12:00,67.735,110,67.735,40,67.05,9
1074,7/1/23 12:15,68.077,100,67.906,34,67.392,9
1075,7/1/23 12:30,67.735,57,67.735,26,66.193,9
1076,7/1/23 12:45,66.708,74,66.708,30,66.366,9
1077,7/1/23 13:00,66.537,71,66.537,30,65.851,6
1078,7/1/23 13:15,66.537,59,66.366,25,65.509,4
1079,7/1/23 13:30,66.193,43,66.022,19,65.68,5
1080,7/1/23 13:45,65.851,41,65.851,19,66.022,6
1081,7/1/23 14:00,65.851,48,65.851,24,68.077,17
1082,7/1/23 14:15,66.366,57,66.193,28,67.735,12
1083,7/1/23 14:30,68.077,65,68.077,28,68.421,12
1084,7/1/23 14:45,68.934,66,68.763,31,68.077,11
1085,7/1/23 15:00,68.077,46,68.077,23,67.735,7
1086,7/1/23 15:15,68.421,51,68.248,24,68.763,16
1087,7/1/23 15:30,68.077,42,68.077,20,69.107,20
1088,7/1/23 15:45,68.077,36,68.077,18,68.077,11
1089,7/1/23 16:00,68.248,32,68.248,16,68.592,15
1090,7/1/23 16:15,68.248,47,68.248,24,69.622,18
1091,7/1/23 16:30,68.421,41,68.248,20,69.622,18
1092,7/1/23 16:45,68.763,29,68.592,13,69.622,15
1093,7/1/23 17:00,68.763,29,68.592,15,69.793,14
1094,7/1/23 17:15,68.934,25,68.934,12,70.137,12
1095,7/1/23 17:30,69.449,23,69.278,11,70.137,9
1096,7/1/23 17:45,69.622,17,69.449,8,69.964,8
1097,7/1/23 18:00,69.449,12,69.278,5,69.964,6
1098,7/1/23 18:15,69.622,11,69.622,5,69.964,6
1099,7/1/23 18:30,69.622,9,69.622,5,69.278,4
1100,7/1/23 18:45,69.793,8,69.622,3,65.167,1
1101,7/1/23 19:00,66.022,4,65.851,2,65.338,0
1102,7/1/23 19:15,69.622,5,69.622,2,64.825,0
1103,7/1/23 19:30,66.879,2,66.708,1,64.825,0
1104,7/1/23 19:45,66.537,1,66.193,0,64.481,0
1105,7/1/23 20:00,67.221,0,66.879,0,66.022,0
1106,7/1/23 20:15,67.735,0,67.564,0,64.652,0
1107,7/1/23 20:30,66.022,0,65.68,0,64.652,0
1108,7/1/23 20:45,65.509,0,65.338,0,65.509,0
1109,7/1/23 21:00,66.708,0,66.537,0,65.338,0
1110,7/1/23 21:15,65.509,0,65.338,0,65.167,0
1111,7/1/23 21:30,65.851,0,65.68,0,66.537,0
1112,7/1/23 21:45,67.05,0,66.537,0,66.708,0
1113,7/1/23 22:00,68.421,0,68.421,0,65.167,0
1114,7/1/23 22:15,66.708,0,66.537,0,65.509,0
1115,7/1/23 22:30,66.193,0,66.022,0,65.851,0
1116,7/1/23 22:45,66.022,0,66.022,0,65.509,0
1117,7/1/23 23:00,66.366,0,66.193,0,66.022,0
1118,7/1/23 23:15,66.537,0,66.537,0,66.879,0
1119,7/1/23 23:30,67.05,0,66.879,0,67.564,0
1120,7/1/23 23:45,67.221,0,67.05,0,67.392,0
1121,7/2/23 0:00,67.735,0,67.735,0,67.221,0
1122,7/2/23 0:15,67.735,0,67.564,0,67.392,0
1123,7/2/23 0:30,67.564,0,67.564,0,67.735,0
1124,7/2/23 0:45,67.735,0,67.735,0,66.537,0
1125,7/2/23 1:00,67.564,0,67.392,0,66.879,0
1126,7/2/23 1:15,66.879,0,66.708,0,66.708,0
1127,7/2/23 1:30,66.879,0,66.879,0,67.221,0
1128,7/2/23 1:45,67.05,0,67.05,0,67.392,0
1129,7/2/23 2:00,67.05,0,67.05,0,65.338,0
1130,7/2/23 2:15,67.221,0,67.221,0,66.708,0
1131,7/2/23 2:30,67.221,0,67.05,0,65.68,0
1132,7/2/23 2:45,66.366,0,66.366,0,65.509,0
1133,7/2/23 3:00,65.851,0,65.68,0,65.338,0
1134,7/2/23 3:15,65.509,0,65.338,0,65.338,0
1135,7/2/23 3:30,65.68,0,65.68,0,65.167,0
1136,7/2/23 3:45,65.851,0,65.851,0,65.851,0
1137,7/2/23 4:00,67.221,0,67.221,0,65.68,0
1138,7/2/23 4:15,66.879,0,66.708,0,65.851,0
1139,7/2/23 4:30,66.366,0,66.366,0,66.022,0
1140,7/2/23 4:45,66.193,0,66.022,0,65.509,0
1141,7/2/23 5:00,67.221,0,67.05,0,66.022,0
1142,7/2/23 5:15,67.392,0,67.392,0,65.509,0
1143,7/2/23 5:30,66.879,0,66.708,0,65.338,0
1144,7/2/23 5:45,65.68,0,65.68,0,65.851,0
1145,7/2/23 6:00,66.022,0,65.851,0,65.509,0
1146,7/2/23 6:15,66.193,0,66.022,0,65.509,0
1147,7/2/23 6:30,66.022,0,66.022,0,65.167,0
1148,7/2/23 6:45,66.022,0,65.851,0,67.906,0
1149,7/2/23 7:00,66.022,1,65.851,1,68.077,1
1150,7/2/23 7:15,67.05,1,66.879,1,67.906,1
1151,7/2/23 7:30,67.564,3,67.392,3,67.906,2
1152,7/2/23 7:45,67.735,4,67.564,4,67.735,2
1153,7/2/23 8:00,67.735,8,67.735,8,65.167,1
1154,7/2/23 8:15,65.68,3,65.509,3,64.996,1
1155,7/2/23 8:30,64.996,2,64.996,3,64.825,1
1156,7/2/23 8:45,65.68,1,65.68,2,65.167,0
1157,7/2/23 9:00,66.193,4,66.193,5,64.139,0
1158,7/2/23 9:15,66.708,3,66.537,4,63.968,0
1159,7/2/23 9:30,65.851,3,65.509,3,63.797,0
1160,7/2/23 9:45,67.05,3,67.05,4,65.509,1
1161,7/2/23 10:00,67.05,4,67.05,5,65.338,2
1162,7/2/23 10:15,67.221,5,67.05,6,66.366,2
1163,7/2/23 10:30,67.221,5,67.05,6,64.996,0
1164,7/2/23 10:45,65.338,7,65.167,9,64.996,2
1165,7/2/23 11:00,65.509,8,65.338,9,65.509,4
1166,7/2/23 11:15,66.366,8,66.193,9,66.022,3
1167,7/2/23 11:30,66.879,10,66.708,12,66.879,5
1168,7/2/23 11:45,67.221,13,66.879,16,67.221,6
1169,7/2/23 12:00,67.221,23,67.05,29,67.221,9
1170,7/2/23 12:15,67.392,17,67.392,21,67.392,5
1171,7/2/23 12:30,67.906,21,67.735,27,67.564,8
1172,7/2/23 12:45,68.077,17,67.906,21,66.366,5
1173,7/2/23 13:00,68.248,20,68.077,26,66.022,5
1174,7/2/23 13:15,68.421,8,68.248,10,66.366,2
1175,7/2/23 13:30,67.906,11,67.906,15,66.366,5
1176,7/2/23 13:45,67.735,11,67.564,15,67.392,4
1177,7/2/23 14:00,67.564,3,67.564,5,67.392,0
1178,7/2/23 14:15,67.564,5,67.392,7,66.193,1
1179,7/2/23 14:30,66.708,0,66.537,1,66.366,0
1180,7/2/23 14:45,66.879,5,66.879,8,68.592,5
1181,7/2/23 15:00,67.05,4,67.05,7,69.107,5
1182,7/2/23 15:15,68.077,5,67.906,9,69.107,8
1183,7/2/23 15:30,68.763,6,69.107,12,69.449,10
1184,7/2/23 15:45,68.592,9,68.592,16,69.449,18
1185,7/2/23 16:00,68.934,8,68.934,15,69.278,13
1186,7/2/23 16:15,69.107,13,69.107,22,68.934,20
1187,7/2/23 16:30,69.278,10,69.278,17,68.248,13
1188,7/2/23 16:45,69.107,8,68.934,15,68.592,12
1189,7/2/23 17:00,68.592,6,68.421,12,68.934,11
1190,7/2/23 17:15,68.763,4,68.592,9,69.107,10
1191,7/2/23 17:30,69.449,5,69.449,12,69.622,8
1192,7/2/23 17:45,69.278,2,69.278,5,69.622,5
1193,7/2/23 18:00,69.278,2,69.278,5,69.964,4
1194,7/2/23 18:15,69.622,2,69.449,4,67.735,2
1195,7/2/23 18:30,68.763,0,68.763,1,69.107,0
1196,7/2/23 18:45,68.077,1,68.077,2,69.793,1
1197,7/2/23 19:00,69.793,1,69.622,2,68.934,1
1198,7/2/23 19:15,69.449,0,69.278,0,68.248,0
1199,7/2/23 19:30,68.763,0,68.763,0,69.449,0
1200,7/2/23 19:45,68.763,0,68.763,0,69.622,0
1201,7/2/23 20:00,69.278,0,69.278,0,69.622,0
1202,7/2/23 20:15,69.278,0,69.107,0,65.851,0
1203,7/2/23 20:30,68.934,0,68.763,0,65.68,0
1204,7/2/23 20:45,68.934,0,68.763,0,66.879,0
1205,7/2/23 21:00,69.449,0,68.934,0,67.392,0
1206,7/2/23 21:15,67.906,0,67.564,0,66.537,0
1207,7/2/23 21:30,68.763,0,68.592,0,68.421,0
1208,7/2/23 21:45,68.592,0,68.592,0,67.906,0
1209,7/2/23 22:00,68.421,0,68.248,0,66.193,0
1210,7/2/23 22:15,67.05,0,66.879,0,66.708,0
1211,7/2/23 22:30,67.735,0,67.564,0,66.537,0
1212,7/2/23 22:45,67.564,0,67.392,0,66.708,0
1213,7/2/23 23:00,67.564,0,67.564,0,66.708,0
1214,7/2/23 23:15,67.05,0,67.05,0,66.708,0
1215,7/2/23 23:30,67.05,0,66.879,0,66.879,0
1216,7/2/23 23:45,67.05,0,67.05,0,66.537,0
1217,7/3/23 0:00,67.05,0,66.879,0,66.366,0
1218,7/3/23 0:15,66.879,0,66.708,0,66.708,0
1219,7/3/23 0:30,67.05,0,66.879,0,66.366,0
1220,7/3/23 0:45,66.879,0,66.708,0,66.022,0
1221,7/3/23 1:00,66.879,0,66.708,0,66.537,0
1222,7/3/23 1:15,67.221,0,67.05,0,66.537,0
1223,7/3/23 1:30,67.564,0,67.392,0,67.221,0
1224,7/3/23 1:45,67.392,0,67.392,0,67.05,0
1225,7/3/23 2:00,67.392,0,67.392,0,66.537,0
1226,7/3/23 2:15,67.05,0,67.05,0,66.366,0
1227,7/3/23 2:30,67.05,0,66.879,0,66.022,0
1228,7/3/23 2:45,66.537,0,66.537,0,67.392,0
1229,7/3/23 3:00,66.708,0,66.537,0,66.879,0
1230,7/3/23 3:15,66.879,0,66.708,0,67.564,0
1231,7/3/23 3:30,67.221,0,67.221,0,67.564,0
1232,7/3/23 3:45,67.392,0,67.392,0,66.366,0
1233,7/3/23 4:00,67.564,0,67.564,0,66.193,0
1234,7/3/23 4:15,67.221,0,67.05,0,66.193,0
1235,7/3/23 4:30,66.879,0,66.708,0,67.564,0
1236,7/3/23 4:45,67.221,0,67.05,0,67.221,0
1237,7/3/23 5:00,67.735,0,67.564,0,66.708,0
1238,7/3/23 5:15,67.735,0,67.564,0,66.022,0
1239,7/3/23 5:30,67.735,0,67.564,0,65.338,0
1240,7/3/23 5:45,66.879,0,66.879,0,65.338,0
1241,7/3/23 6:00,66.366,0,66.366,0,65.509,0
1242,7/3/23 6:15,66.366,0,66.366,0,65.509,0
1243,7/3/23 6:30,66.366,0,66.366,0,64.996,0
1244,7/3/23 6:45,66.022,0,66.022,0,65.338,0
1245,7/3/23 7:00,66.022,0,65.851,0,65.338,0
1246,7/3/23 7:15,65.851,0,65.851,0,64.996,0
1247,7/3/23 7:30,65.851,0,65.851,0,64.825,0
1248,7/3/23 7:45,65.851,0,65.68,0,64.996,0
1249,7/3/23 8:00,65.68,0,65.509,0,65.851,0
1250,7/3/23 8:15,65.509,0,65.338,0,66.366,0
1251,7/3/23 8:30,65.68,0,65.68,2,67.221,2
1252,7/3/23 8:45,66.537,2,66.537,7,67.05,3
1253,7/3/23 9:00,66.879,3,66.708,8,67.05,4
1254,7/3/23 9:15,67.392,4,67.221,10,67.392,5
1255,7/3/23 9:30,67.564,7,67.564,16,66.193,4
1256,7/3/23 9:45,67.735,4,67.564,11,64.996,4
1257,7/3/23 10:00,67.05,4,66.879,11,64.652,3
1258,7/3/23 10:15,66.022,6,65.509,16,64.31,5
1259,7/3/23 10:30,64.996,19,64.825,12,65.167,6
1260,7/3/23 10:45,65.68,28,65.68,17,65.68,6
1261,7/3/23 11:00,65.68,30,65.509,19,65.509,8
1262,7/3/23 11:15,65.68,35,65.68,21,65.851,9
1263,7/3/23 11:30,67.564,21,67.392,15,67.05,5
1264,7/3/23 11:45,67.735,21,67.564,15,66.708,3
1265,7/3/23 12:00,67.05,55,66.879,36,66.366,9
1266,7/3/23 12:15,66.708,52,66.537,35,66.366,11
1267,7/3/23 12:30,66.537,16,66.366,12,66.366,4
1268,7/3/23 12:45,66.537,28,66.537,20,66.537,11
1269,7/3/23 13:00,67.221,64,67.221,45,66.708,10
1270,7/3/23 13:15,66.879,36,66.879,26,66.708,7
1271,7/3/23 13:30,67.221,37,67.05,31,66.193,5
1272,7/3/23 13:45,67.221,32,67.05,26,66.022,5
1273,7/3/23 14:00,66.708,24,66.537,19,66.366,4
1274,7/3/23 14:15,66.708,20,66.708,16,66.879,6
1275,7/3/23 14:30,66.879,14,66.879,11,67.05,1
1276,7/3/23 14:45,66.879,31,66.708,27,67.392,8
1277,7/3/23 15:00,67.392,26,67.221,23,68.421,5
1278,7/3/23 15:15,67.906,24,67.906,23,68.248,4
1279,7/3/23 15:30,68.934,16,68.763,15,66.366,1
1280,7/3/23 15:45,67.221,8,67.05,7,67.735,1
1281,7/3/23 16:00,67.564,12,67.564,12,68.248,3
1282,7/3/23 16:15,67.906,5,67.735,5,67.906,3
1283,7/3/23 16:30,67.735,10,67.735,14,67.392,5
1284,7/3/23 16:45,67.735,9,67.735,12,67.221,1
1285,7/3/23 17:00,67.735,2,67.564,4,65.68,1
1286,7/3/23 17:15,66.022,2,65.851,3,65.509,0
1287,7/3/23 17:30,65.851,1,65.68,2,65.68,0
1288,7/3/23 17:45,65.851,3,65.851,5,65.338,0
1289,7/3/23 18:00,65.851,2,65.68,3,65.68,0
1290,7/3/23 18:15,65.851,1,65.68,2,65.68,0
1291,7/3/23 18:30,65.851,1,65.68,2,65.851,0
1292,7/3/23 18:45,65.851,1,65.68,2,65.851,0
1293,7/3/23 19:00,66.022,0,65.851,0,65.68,0
1294,7/3/23 19:15,66.022,0,65.851,0,65.68,0
1295,7/3/23 19:30,66.022,0,66.022,0,65.851,0
1296,7/3/23 19:45,66.022,0,66.022,0,65.851,0
1297,7/3/23 20:00,66.022,0,66.022,0,65.851,0
1298,7/3/23 20:15,66.022,0,66.022,0,65.68,0
1299,7/3/23 20:30,66.193,0,66.022,0,65.851,0
1300,7/3/23 20:45,66.193,0,66.022,0,65.851,0
1301,7/3/23 21:00,66.193,0,66.022,0,66.537,0
1302,7/3/23 21:15,66.879,0,66.708,0,67.221,0
1303,7/3/23 21:30,67.564,0,67.564,0,66.537,0
1304,7/3/23 21:45,67.735,0,67.735,0,66.537,0
1305,7/3/23 22:00,66.537,0,66.537,0,65.851,0
1306,7/3/23 22:15,66.366,0,66.193,0,64.996,0
1307,7/3/23 22:30,65.68,0,65.509,0,65.167,0
1308,7/3/23 22:45,65.167,0,64.996,0,64.652,0
1309,7/3/23 23:00,65.167,0,64.996,0,65.338,0
1310,7/3/23 23:15,65.338,0,65.338,0,65.338,0
1311,7/3/23 23:30,65.509,0,65.338,0,66.366,0
1312,7/3/23 23:45,65.68,0,65.68,0,66.708,0
1313,7/4/23 0:00,66.537,0,66.193,0,66.708,0
1314,7/4/23 0:15,67.05,0,66.879,0,66.366,0
1315,7/4/23 0:30,67.05,0,66.879,0,66.366,0
1316,7/4/23 0:45,66.708,0,66.537,0,66.022,0
1317,7/4/23 1:00,66.366,0,66.366,0,66.022,0
1318,7/4/23 1:15,66.366,0,66.366,0,66.708,0
1319,7/4/23 1:30,66.879,0,66.879,0,66.879,0
1320,7/4/23 1:45,67.05,0,67.05,0,66.879,0
1321,7/4/23 2:00,67.392,0,67.221,0,66.879,0
1322,7/4/23 2:15,67.392,0,67.221,0,66.708,0
1323,7/4/23 2:30,67.221,0,67.221,0,66.537,0
1324,7/4/23 2:45,67.221,0,67.05,0,66.537,0
1325,7/4/23 3:00,67.221,0,67.05,0,66.537,0
1326,7/4/23 3:15,66.879,0,66.708,0,66.537,0
1327,7/4/23 3:30,66.879,0,66.879,0,67.221,0
1328,7/4/23 3:45,66.879,0,66.708,0,67.05,0
1329,7/4/23 4:00,67.392,0,67.221,0,67.564,0
1330,7/4/23 4:15,67.906,0,67.735,0,67.564,0
1331,7/4/23 4:30,67.906,0,67.906,0,67.564,0
1332,7/4/23 4:45,67.735,0,67.735,0,67.392,0
1333,7/4/23 5:00,67.735,0,67.735,0,67.05,0
1334,7/4/23 5:15,67.564,0,67.392,0,67.564,0
1335,7/4/23 5:30,67.906,0,67.735,0,66.193,0
1336,7/4/23 5:45,67.906,0,67.735,0,66.193,0
1337,7/4/23 6:00,67.392,0,67.392,0,66.537,0
1338,7/4/23 6:15,67.221,0,67.05,0,66.708,0
1339,7/4/23 6:30,66.879,0,66.879,0,66.537,0
1340,7/4/23 6:45,67.05,0,66.879,0,67.05,0
1341,7/4/23 7:00,67.05,0,66.879,0,68.421,0
1342,7/4/23 7:15,67.392,0,67.392,0,68.077,0
1343,7/4/23 7:30,67.906,1,67.906,1,68.248,0
1344,7/4/23 7:45,68.077,0,67.906,0,68.421,0
1345,7/4/23 8:00,68.248,0,68.077,1,68.592,1
1346,7/4/23 8:15,68.248,2,68.248,3,68.592,4
1347,7/4/23 8:30,68.421,1,68.248,2,68.592,4
1348,7/4/23 8:45,68.421,4,68.421,6,68.934,10
1349,7/4/23 9:00,68.421,5,68.421,7,69.107,9
1350,7/4/23 9:15,68.592,4,68.421,7,69.107,9
1351,7/4/23 9:30,68.592,4,68.592,7,68.763,8
1352,7/4/23 9:45,68.592,0,68.592,0,68.592,1
1353,7/4/23 10:00,66.879,0,66.708,0,65.509,0
1354,7/4/23 10:15,67.392,0,67.392,1,66.879,0
1355,7/4/23 10:30,67.392,0,67.221,1,65.338,0
1356,7/4/23 10:45,65.338,1,65.167,2,64.652,0
1357,7/4/23 11:00,65.167,3,64.996,5,65.68,1
1358,7/4/23 11:15,65.851,6,65.68,8,66.193,1
1359,7/4/23 11:30,66.366,35,66.193,45,66.537,15
1360,7/4/23 11:45,66.879,6,66.708,9,67.906,3
1361,7/4/23 12:00,67.392,25,67.221,35,67.392,10
1362,7/4/23 12:15,68.248,21,68.077,30,66.537,6
1363,7/4/23 12:30,67.906,21,67.906,33,66.708,8
1364,7/4/23 12:45,67.05,30,67.05,45,67.05,11
1365,7/4/23 13:00,67.221,37,67.221,60,66.537,13
1366,7/4/23 13:15,67.221,30,67.05,49,66.708,9
1367,7/4/23 13:30,67.392,40,67.221,68,67.05,13
1368,7/4/23 13:45,68.077,39,67.735,68,67.906,10
1369,7/4/23 14:00,68.592,16,68.421,27,67.05,4
1370,7/4/23 14:15,68.592,20,68.421,32,67.906,9
1371,7/4/23 14:30,69.107,16,69.107,26,66.879,4
1372,7/4/23 14:45,69.622,23,69.449,40,66.879,6
1373,7/4/23 15:00,67.392,11,67.221,22,66.708,2
1374,7/4/23 15:15,67.906,8,67.564,14,67.906,2
1375,7/4/23 15:30,68.592,1,68.421,3,68.421,0
1376,7/4/23 15:45,68.934,3,68.763,6,68.421,1
1377,7/4/23 16:00,68.934,3,68.934,5,67.735,0
1378,7/4/23 16:15,68.934,0,68.934,0,67.564,0
1379,7/4/23 16:30,68.077,0,67.906,0,67.05,0
1380,7/4/23 16:45,67.564,0,67.392,0,67.392,0
1381,7/4/23 17:00,67.735,0,67.564,0,67.735,0
1382,7/4/23 17:15,68.248,0,68.077,0,68.077,0
1383,7/4/23 17:30,68.248,0,68.077,0,68.077,0
1384,7/4/23 17:45,68.248,0,68.077,1,68.077,0
1385,7/4/23 18:00,68.248,0,68.077,1,68.248,0
1386,7/4/23 18:15,68.248,0,68.248,0,68.421,0
1387,7/4/23 18:30,68.248,0,68.248,0,65.851,0
1388,7/4/23 18:45,68.248,0,68.248,0,65.509,0
1389,7/4/23 19:00,68.421,0,68.248,0,65.338,0
1390,7/4/23 19:15,67.221,0,67.05,0,66.537,0
1391,7/4/23 19:30,68.421,0,68.248,0,66.022,0
1392,7/4/23 19:45,66.879,0,66.708,0,65.851,0
1393,7/4/23 20:00,66.879,0,66.708,0,66.193,0
1394,7/4/23 20:15,67.564,0,67.564,0,68.077,0
1395,7/4/23 20:30,67.735,0,67.564,0,69.449,0
1396,7/4/23 20:45,68.421,0,68.248,0,68.763,0
1397,7/4/23 21:00,68.592,0,68.592,0,68.763,0
1398,7/4/23 21:15,68.934,0,68.763,0,69.449,0
1399,7/4/23 21:30,68.934,0,68.934,0,69.622,0
1400,7/4/23 21:45,69.107,0,68.934,0,69.622,0
1401,7/4/23 22:00,69.449,0,69.278,0,69.449,0
1402,7/4/23 22:15,68.248,0,67.735,0,65.851,0
1403,7/4/23 22:30,66.879,0,66.708,0,66.193,0
1404,7/4/23 22:45,67.05,0,67.05,0,65.509,0
1405,7/4/23 23:00,65.68,0,65.68,0,65.509,0
1406,7/4/23 23:15,66.193,0,66.022,0,65.851,0
1407,7/4/23 23:30,66.193,0,66.022,0,66.022,0
1408,7/4/23 23:45,66.537,0,66.537,0,66.708,0
1409,7/5/23 0:00,67.906,0,67.735,0,65.851,0
1410,7/5/23 0:15,68.421,0,68.421,0,67.221,0
1411,7/5/23 0:30,68.421,0,68.421,0,66.879,0
1412,7/5/23 0:45,67.392,0,67.221,0,66.537,0
1413,7/5/23 1:00,66.879,0,66.879,0,66.537,0
1414,7/5/23 1:15,66.879,0,66.708,0,66.879,0
1415,7/5/23 1:30,66.879,0,66.708,0,67.05,0
1416,7/5/23 1:45,68.248,0,67.392,0,68.077,0
1417,7/5/23 2:00,68.248,0,67.906,0,67.906,0
1418,7/5/23 2:15,68.934,0,68.763,0,68.421,0
1419,7/5/23 2:30,69.107,0,69.107,0,67.392,0
1420,7/5/23 2:45,69.107,0,69.107,0,67.564,0
1421,7/5/23 3:00,68.248,0,68.077,0,66.879,0
1422,7/5/23 3:15,67.735,0,67.564,0,67.906,0
1423,7/5/23 3:30,67.564,0,67.564,0,67.735,0
1424,7/5/23 3:45,68.077,0,68.077,0,67.735,0
1425,7/5/23 4:00,68.592,0,68.421,0,67.392,0
1426,7/5/23 4:15,68.592,0,68.421,0,68.248,0
1427,7/5/23 4:30,68.934,0,68.763,0,68.592,0
1428,7/5/23 4:45,69.107,0,68.934,0,68.077,0
1429,7/5/23 5:00,68.934,0,68.934,0,68.592,0
1430,7/5/23 5:15,68.934,0,68.934,0,67.564,0
1431,7/5/23 5:30,68.934,0,68.934,0,67.735,0
1432,7/5/23 5:45,68.248,0,68.077,0,67.564,0
1433,7/5/23 6:00,68.248,0,68.248,0,68.248,0
1434,7/5/23 6:15,68.421,0,68.421,0,66.879,0
1435,7/5/23 6:30,68.248,0,68.077,0,67.05,0
1436,7/5/23 6:45,67.906,0,67.735,0,67.05,0
1437,7/5/23 7:00,68.763,0,68.421,1,66.537,0
1438,7/5/23 7:15,67.735,0,67.564,1,65.851,0
1439,7/5/23 7:30,66.708,0,66.708,0,66.022,0
1440,7/5/23 7:45,66.708,0,66.537,1,66.366,0
1441,7/5/23 8:00,66.708,0,66.708,0,66.366,0
1442,7/5/23 8:15,66.708,0,66.708,1,66.537,0
1443,7/5/23 8:30,66.708,0,66.708,1,67.221,0
1444,7/5/23 8:45,66.879,1,66.879,4,68.592,1
1445,7/5/23 9:00,67.735,3,67.564,6,65.509,0
1446,7/5/23 9:15,67.05,5,66.879,11,65.509,0
1447,7/5/23 9:30,66.708,1,66.537,4,68.934,2
1448,7/5/23 9:45,67.906,7,67.906,13,69.449,10